h_code,hotelName,country,city,type,h_address,discount,h_Img,h_s_Img1,h_s_Img2,h_s_Img3,h_s_Img4,startDate,endDate,roomservice,publicservice,otherservice
1,서울 스카이베이 프라임 호텔,Korea,Seoul,Hotel,"110, Sejong-daero",1,1-1.jpg,1-2.jpg,1-3.jpg,1-4.jpg,1-5.jpg,2026-02-01,2026-12-31,"[""무선인터넷"",""욕실용품"",""에어컨"",""드라이기"",""샤워실"",""TV"",""전기주전자""]","[""피트니스"",""레스토랑"",""편의점"",""라운지"",""엘리베이터"",""비즈니스센터""]","[""카드결제"",""조식제공"",""무료주차""]"
2,서울 라이트하버 호텔,Korea,Seoul,Condo,"161, Sajik-ro",0,2-1.jpg,2-2.jpg,2-3.jpg,2-4.jpg,2-5.jpg,2026-02-01,2026-12-31,"[""무선인터넷"",""욕실용품"",""에어컨"",""냉장고"",""샤워실"",""TV""]","[""레스토랑"",""사우나"",""편의점"",""라운지"",""엘리베이터"",""바베큐""]","[""카드결제"",""스프링클러"",""짐보관가능""]"
3,서울 헤리티지 스타 라운지,Korea,Seoul,Hotel,"152, Teheran-ro",1,3-1.jpg,3-2.jpg,3-3.jpg,3-4.jpg,3-5.jpg,2026-02-01,2026-12-31,"[""무선인터넷"",""욕실용품"",""에어컨"",""욕조"",""전기주전자"",""TV"",""냉장고""]","[""피트니스"",""레스토랑"",""사우나"",""라운지"",""바"",""엘리베이터""]","[""조식제공"",""무료주차"",""카드결제""]"
4,서울 프레미어 모던 스테이,Korea,Seoul,GuestHouse,"396, World Cup buk-ro",1,4-1.jpg,4-2.jpg,4-3.jpg,4-4.jpg,4-5.jpg,2026-02-01,2026-12-31,"[""무선인터넷"",""욕실용품"",""에어컨"",""샤워실"",""TV"",""냉장고""]","[""편의점"",""라운지"",""레스토랑"",""엘리베이터"",""건조기"",""바""]"," [""카드결제"",""짐보관가능"",""스프링클러""]"
5,서울 오션루프 스위트,Korea,Seoul,Resort,"300, Olympic-ro",0,5-1.jpg,5-2.jpg,5-3.jpg,5-4.jpg,5-5.jpg,2026-02-01,2026-12-31,"[""무선인터넷"",""욕실용품"",""에어컨"",""샤워실"",""전기주전자"",""TV"",""냉장고""]","[""야외수영장"",""라운지"",""피트니스"",""레스토랑"",""엘리베이터"",""바""]","[""무료주차"",""카드결제"",""조식제공""]"
6,서울 리버사이드 프라임 호텔,Korea,Seoul,Hotel,"405, Hangang-daero",1,6-1.jpg,6-2.jpg,6-3.jpg,6-4.jpg,6-5.jpg,2026-02-01,2026-12-31,"[""무선인터넷"",""욕실용품"",""에어컨"",""드라이기"",""샤워실"",""냉장고"",""TV""]","[""레스토랑"",""편의점"",""라운지"",""엘리베이터"",""사우나"",""비즈니스센터""]","[""카드결제"",""스프링클러"",""무료주차""]"
7,부산 오션클라우드 호텔,Korea,Busan,Hotel,"100, Jungang-daero",0,7-1.jpg,7-2.jpg,7-3.jpg,7-4.jpg,7-5.jpg,2026-02-01,2026-12-31,"[""무선인터넷"",""욕실용품"",""에어컨"",""샤워실"",""냉장고"",""TV"",""전기주전자""]","[""피트니스"",""레스토랑"",""라운지"",""바"",""엘리베이터"",""편의점""]","[""카드결제"",""조식제공"",""무료주차""]"
8,부산 마리나 스위트,Korea,Busan,Hotel,"264, Haeundaehaebyeon-ro",1,8-1.jpg,8-2.jpg,8-3.jpg,8-4.jpg,8-5.jpg,2026-02-01,2026-12-31,"[""무선인터넷"",""욕실용품"",""에어컨"",""욕조"",""샤워실"",""드라이기"",""TV""]","[""야외수영장"",""실내수영장"",""레스토랑"",""라운지"",""바"",""사우나""]","[""카드결제"",""짐보관가능"",""조식제공""]"
9,부산 블루웨이브 호텔,Korea,Busan,GuestHouse,"219, Gwanganhaebyeon-ro",0,9-1.jpg,9-2.jpg,9-3.jpg,9-4.jpg,9-5.jpg,2026-02-01,2026-12-31,"[""무선인터넷"",""욕실용품"",""에어컨"",""샤워실"",""냉장고"",""TV""]","[""편의점"",""라운지"",""레스토랑"",""엘리베이터"",""바"",""건조기""]","[""스프링클러"",""카드결제"",""짐보관가능""]"
10,부산 센트럴힐 호텔,Korea,Busan,Condo,"93, UN Pyeonghwa-ro",1,10-1.jpg,10-2.jpg,10-3.jpg,10-4.jpg,10-5.jpg,2026-02-01,2026-12-31,"[""무선인터넷"",""욕실용품"",""에어컨"",""드라이기"",""샤워실"",""TV"",""전기주전자""]","[""피트니스"",""레스토랑"",""사우나"",""편의점"",""엘리베이터"",""바베큐""]","[""무료주차"",""카드결제"",""스프링클러""]"
11,부산 더레인 하버 스테이,Korea,Busan,Hotel,"206, Jungang-daero",1,11-1.jpg,11-2.jpg,11-3.jpg,11-4.jpg,11-5.jpg,2026-02-01,2026-12-31,"[""무선인터넷"",""욕실용품"",""에어컨"",""전기주전자"",""샤워실"",""냉장고"",""TV""]","[""레스토랑"",""실내수영장"",""피트니스"",""라운지"",""바"",""엘리베이터""]","[""조식제공"",""무료주차"",""카드결제""]"
12,부산 글로우 포레스트 호텔,Korea,Busan,Hotel,"1413, Nakdongnam-ro",0,12-1.jpg,12-2.jpg,12-3.jpg,12-4.jpg,12-5.jpg,2026-02-01,2026-12-31,"[""무선인터넷"",""욕실용품"",""에어컨"",""샤워실"",""TV"",""개인콘센트""]","[""바베큐"",""편의점"",""라운지"",""탈수기"",""사우나"",""바""]","[""캠프파이어"",""카드결제"",""스프링클러""]"
13,강릉 코랄베이 오션 호텔,Korea,Gangneung,Hotel,"33, Gangneung-daero",1,13-1.jpg,13-2.jpg,13-3.jpg,13-4.jpg,13-5.jpg,2026-02-01,2026-12-31,"[""무선인터넷"",""욕실용품"",""에어컨"",""샤워실"",""TV"",""냉장고"",""전기주전자""]","[""레스토랑"",""라운지"",""피트니스"",""편의점"",""엘리베이터"",""바""]","[""카드결제"",""무료주차"",""조식제공""]"
14,강릉 마운틴힐 프라임 스테이,Korea,Gangneung,Hotel,"514, Changhae-ro",0,14-1.jpg,14-2.jpg,14-3.jpg,14-4.jpg,14-5.jpg,2026-02-01,2026-12-31,"[""무선인터넷"",""욕실용품"",""에어컨"",""샤워실"",""TV"",""냉장고""]","[""라운지"",""편의점"",""건조기"",""레스토랑"",""엘리베이터"",""바""]","[""짐보관가능"",""카드결제"",""스프링클러""]"
15,강릉 블루하버 씨앤스테이,Korea,Gangneung,Resort,"20, Changhae-ro 14beon-gil",0,15-1.jpg,15-2.jpg,15-3.jpg,15-4.jpg,15-5.jpg,2026-02-01,2026-12-31,"[""무선인터넷"",""욕실용품"",""에어컨"",""욕조"",""샤워실"",""TV"",""냉장고""]","[""야외수영장"",""실내수영장"",""레스토랑"",""라운지"",""피트니스"",""바""]","[""카드결제"",""무료주차"",""조식제공""]"
16,강릉 에코브리즈 호텔,Korea,Gangneung,Hotel,"3139, Yulgok-ro",1,16-1.jpg,16-2.jpg,16-3.jpg,16-4.jpg,16-5.jpg,2026-02-01,2026-12-31,"[""무선인터넷"",""욕실용품"",""에어컨"",""드라이기"",""샤워실"",""TV"",""전기주전자""]","[""레스토랑"",""사우나"",""엘리베이터"",""라운지"",""편의점"",""바""]","[""카드결제"",""스프링클러"",""무료주차""]"
17,강릉 소울베이 더스위트,Korea,Gangneung,Condo,"176, Yongji-ro",1,17-1.jpg,17-2.jpg,17-3.jpg,17-4.jpg,17-5.jpg,2026-02-01,2026-12-31,"[""무선인터넷"",""욕실용품"",""에어컨"",""전기주전자"",""TV"",""냉장고"",""샤워실""]","[""피트니스"",""레스토랑"",""라운지"",""엘리베이터"",""사우나"",""바""]","[""카드결제"",""짐보관가능"",""조식제공""]"
18,강릉 씨사이드 리프 호텔,Korea,Gangneung,Hotel,"21, Geumseong-ro",0,18-1.jpg,18-2.jpg,18-3.jpg,18-4.jpg,18-5.jpg,2026-02-01,2026-12-31,"[""무선인터넷"",""욕실용품"",""에어컨"",""샤워실"",""TV"",""개인콘센트""]","[""바베큐"",""편의점"",""라운지"",""탈수기"",""레스토랑"",""바""]","[""캠프파이어"",""카드결제"",""스프링클러""]"
19,속초 오션브리즈 시티호텔,Korea,Sokcho,Hotel,"183, Jungang-ro",1,19-1.jpg,19-2.jpg,19-3.jpg,19-4.jpg,19-5.jpg,2026-02-01,2026-12-31,"[""무선인터넷"",""욕실용품"",""에어컨"",""샤워실"",""전기주전자"",""TV"",""냉장고""]","[""레스토랑"",""라운지"",""피트니스"",""편의점"",""엘리베이터"",""바""]","[""카드결제"",""무료주차"",""조식제공""]"
20,속초 힐크레스트 베이뷰 리조트,Korea,Sokcho,Resort,"1091, Seoraksan-ro",1,20-1.jpg,20-2.jpg,20-3.jpg,20-4.jpg,20-5.jpg,2026-02-01,2026-12-31,"[""무선인터넷"",""욕실용품"",""에어컨"",""욕조"",""샤워실"",""드라이기"",""TV""]","[""야외수영장"",""실내수영장"",""레스토랑"",""라운지"",""사우나"",""바""]","[""무료주차"",""카드결제"",""조식제공""]"
21,속초 블루문 스테이,Korea,Sokcho,GuestHouse,"190, Haeoreum-ro",0,21-1.jpg,21-2.jpg,21-3.jpg,21-4.jpg,21-5.jpg,2026-02-01,2026-12-31,"[""무선인터넷"",""욕실용품"",""에어컨"",""샤워실"",""냉장고"",""TV""]","[""라운지"",""편의점"",""레스토랑"",""엘리베이터"",""바"",""건조기""]","[""카드결제"",""짐보관가능"",""스프링클러""]"
22,속초 씨포레스트 마운틴뷰 호텔,Korea,Sokcho,Hotel,"64, Daepohang-gil",0,22-1.jpg,22-2.jpg,22-3.jpg,22-4.jpg,22-5.jpg,2026-02-01,2026-12-31,"[""무선인터넷"",""욕실용품"",""에어컨"",""샤워실"",""TV"",""전기주전자"",""드라이기""]","[""레스토랑"",""사우나"",""라운지"",""편의점"",""엘리베이터"",""바""]","[""무료주차"",""카드결제"",""스프링클러""]"
23,속초 클라우드베이 스위트,Korea,Sokcho,Condo,"267, Cheongchohoban-ro",1,23-1.jpg,23-2.jpg,23-3.jpg,23-4.jpg,23-5.jpg,2026-02-01,2026-12-31,"[""무선인터넷"",""욕실용품"",""에어컨"",""샤워실"",""냉장고"",""TV"",""전기주전자""]","[""피트니스"",""레스토랑"",""라운지"",""엘리베이터"",""사우나"",""바""]","[""카드결제"",""짐보관가능"",""조식제공""]"
24,속초 레이크브리즈 캠프로그,Korea,Sokcho,Camping,"6, Jungangsijang-ro",0,24-1.jpg,24-2.jpg,24-3.jpg,24-4.jpg,24-5.jpg,2026-02-01,2026-12-31,"[""무선인터넷"",""욕실용품"",""에어컨"",""샤워실"",""TV"",""개인콘센트""]","[""바베큐"",""편의점"",""라운지"",""탈수기"",""레스토랑"",""바""]","[""캠프파이어"",""카드결제"",""스프링클러""]"
25,경주 로열가든 힐스 호텔,Korea,Gyeongju,Hotel,"260, Yangjeong-ro",0,25-1.jpg,25-2.jpg,25-3.jpg,25-4.jpg,25-5.jpg,2026-02-01,2026-12-31,"[""무선인터넷"",""욕실용품"",""에어컨"",""샤워실"",""전기주전자"",""TV"",""냉장고""]","[""레스토랑"",""라운지"",""피트니스"",""편의점"",""엘리베이터"",""바""]","[""카드결제"",""무료주차"",""조식제공""]"
26,경주 크라운레이크 리조트,Korea,Gyeongju,Resort,"757, Taejong-ro",1,26-1.jpg,26-2.jpg,26-3.jpg,26-4.jpg,26-5.jpg,2026-02-01,2026-12-31,"[""무선인터넷"",""욕실용품"",""에어컨"",""욕조"",""샤워실"",""드라이기"",""TV""]","[""야외수영장"",""실내수영장"",""레스토랑"",""라운지"",""사우나"",""바""]","[""무료주차"",""조식제공"",""카드결제""]"
27,경주 하모니 스테이션 게스트하우스,Korea,Gyeongju,GuestHouse,"140-25, Cheomseong-ro",0,27-1.jpg,27-2.jpg,27-3.jpg,27-4.jpg,27-5.jpg,2026-02-01,2026-12-31,"[""무선인터넷"",""욕실용품"",""에어컨"",""샤워실"",""냉장고"",""TV""]","[""라운지"",""편의점"",""레스토랑"",""건조기"",""엘리베이터"",""바""]","[""카드결제"",""짐보관가능"",""스프링클러""]"
28,경주 네이처힐 프리미어 호텔,Korea,Gyeongju,Hotel,"385, Bulguk-ro",1,28-1.jpg,28-2.jpg,28-3.jpg,28-4.jpg,28-5.jpg,2026-02-01,2026-12-31,"[""무선인터넷"",""욕실용품"",""에어컨"",""샤워실"",""드라이기"",""TV"",""전기주전자""]","[""레스토랑"",""사우나"",""라운지"",""편의점"",""엘리베이터"",""바""]","[""무료주차"",""카드결제"",""스프링클러""]"
29,경주 스카이라인 파노라마 콘도,Korea,Gyeongju,Condo,"614, Gyeonggam-ro",0,29-1.jpg,29-2.jpg,29-3.jpg,29-4.jpg,29-5.jpg,2026-02-01,2026-12-31,"[""무선인터넷"",""욕실용품"",""에어컨"",""샤워실"",""TV"",""냉장고"",""전기주전자""]","[""피트니스"",""레스토랑"",""라운지"",""엘리베이터"",""사우나"",""바""]","[""카드결제"",""조식제공"",""짐보관가능""]"
30,경주 포레스트캠프 휴글로우,Korea,Gyeongju,Camping,"424-33, Bomun-ro",1,30-1.jpg,30-2.jpg,30-3.jpg,30-4.jpg,30-5.jpg,2026-02-01,2026-12-31,"[""무선인터넷"",""욕실용품"",""에어컨"",""샤워실"",""TV"",""개인콘센트""]","[""바베큐"",""편의점"",""라운지"",""탈수기"",""레스토랑"",""바""]","[""캠프파이어"",""카드결제"",""스프링클러""]"
31,여수 오션프레임 스테이,Korea,Yeosu,Hotel,"1, Sicheong-ro",0,31-1.jpg,31-2.jpg,31-3.jpg,31-4.jpg,31-5.jpg,2026-02-01,2026-12-31,"[""무선인터넷"",""욕실용품"",""에어컨"",""샤워실"",""TV"",""전기주전자"",""냉장고""]","[""레스토랑"",""편의점"",""라운지"",""피트니스"",""엘리베이터"",""바""]","[""카드결제"",""무료주차"",""조식제공""]"
32,여수 블루코스트 리조트,Korea,Yeosu,Resort,"222, Odongdo-ro",1,32-1.jpg,32-2.jpg,32-3.jpg,32-4.jpg,32-5.jpg,2026-02-01,2026-12-31,"[""무선인터넷"",""욕실용품"",""에어컨"",""욕조"",""샤워실"",""드라이기"",""TV""]","[""야외수영장"",""실내수영장"",""레스토랑"",""라운지"",""사우나"",""바""]","[""무료주차"",""카드결제"",""조식제공""]"
33,여수 베이하버 게스트하우스,Korea,Yeosu,GuestHouse,"3600-1, Dolsan-ro",1,33-1.jpg,33-2.jpg,33-3.jpg,33-4.jpg,33-5.jpg,2026-02-01,2026-12-31,"[""무선인터넷"",""욕실용품"",""에어컨"",""샤워실"",""냉장고"",""TV""]","[""라운지"",""편의점"",""레스토랑"",""건조기"",""엘리베이터"",""바""]","[""카드결제"",""짐보관가능"",""스프링클러""]"
34,여수 클리프사운드 프라임 호텔,Korea,Yeosu,Hotel,"1-6, Sujeong-dong",1,34-1.jpg,34-2.jpg,34-3.jpg,34-4.jpg,34-5.jpg,2026-02-01,2026-12-31,"[""무선인터넷"",""욕실용품"",""에어컨"",""샤워실"",""드라이기"",""TV"",""냉장고""]","[""레스토랑"",""사우나"",""라운지"",""편의점"",""엘리베이터"",""바""]","[""무료주차"",""카드결제"",""스프링클러""]"
35,여수 퍼스트라인 오션뷰 콘도,Korea,Yeosu,Condo,"392, Soho-ro",1,35-1.jpg,35-2.jpg,35-3.jpg,35-4.jpg,35-5.jpg,2026-02-01,2026-12-31,"[""무선인터넷"",""욕실용품"",""에어컨"",""샤워실"",""TV"",""전기주전자"",""냉장고""]","[""피트니스"",""레스토랑"",""라운지"",""엘리베이터"",""사우나"",""바""]","[""짐보관가능"",""카드결제"",""조식제공""]"
36,여수 포레스트캠프 글램존,Korea,Yeosu,Camping,"1, Sicheong-ro",0,36-1.jpg,36-2.jpg,36-3.jpg,36-4.jpg,36-5.jpg,2026-02-01,2026-12-31,"[""무선인터넷"",""욕실용품"",""에어컨"",""샤워실"",""TV"",""개인콘센트""]","[""바베큐"",""편의점"",""라운지"",""탈수기"",""레스토랑"",""바""]","[""캠프파이어"",""카드결제"",""스프링클러""]"
37,대전 센트럴파크 시티호텔,Korea,Daejeon,Hotel,"100, Dunsan-ro",1,37-1.jpg,37-2.jpg,37-3.jpg,37-4.jpg,37-5.jpg,2026-02-01,2026-12-31,"[""무선인터넷"",""욕실용품"",""에어컨"",""전기주전자"",""TV"",""냉장고"",""샤워실""]","[""레스토랑"",""라운지"",""피트니스"",""편의점"",""엘리베이터"",""바""]","[""카드결제"",""무료주차"",""조식제공""]"
38,대전 포레스트힐 프리미어 리조트,Korea,Daejeon,Resort,"99, Daehak-ro",1,38-1.jpg,38-2.jpg,38-3.jpg,38-4.jpg,38-5.jpg,2026-02-01,2026-12-31,"[""무선인터넷"",""욕실용품"",""에어컨"",""욕조"",""샤워실"",""TV"",""드라이기""]","[""야외수영장"",""실내수영장"",""레스토랑"",""라운지"",""사우나"",""바""]","[""무료주차"",""카드결제"",""조식제공""]"
39,대전 라운지스테이 게스트하우스,Korea,Daejeon,Hotel,"1, Expo-ro",1,39-1.jpg,39-2.jpg,39-3.jpg,39-4.jpg,39-5.jpg,2026-02-01,2026-12-31,"[""무선인터넷"",""욕실용품"",""에어컨"",""샤워실"",""TV"",""냉장고""]","[""라운지"",""편의점"",""레스토랑"",""건조기"",""엘리베이터"",""바""]","[""스프링클러"",""카드결제"",""짐보관가능""]"
40,대전 브리즈라인 시그니처 호텔,Korea,Daejeon,Hotel,"215, Jungang-ro",0,40-1.jpg,40-2.jpg,40-3.jpg,40-4.jpg,40-5.jpg,2026-02-01,2026-12-31,"[""무선인터넷"",""욕실용품"",""에어컨"",""TV"",""드라이기"",""샤워실"",""전기주전자""]","[""레스토랑"",""사우나"",""라운지"",""편의점"",""엘리베이터"",""바""]","[""무료주차"",""카드결제"",""스프링클러""]"
41,대전 스카이브릿지 오션뷰 콘도,Korea,Daejeon,Condo,"138, Jungang-ro",1,41-1.jpg,41-2.jpg,41-3.jpg,41-4.jpg,41-5.jpg,2026-02-01,2026-12-31,"[""무선인터넷"",""욕실용품"",""에어컨"",""TV"",""샤워실"",""냉장고"",""전기주전자""]","[""피트니스"",""레스토랑"",""라운지"",""엘리베이터"",""사우나"",""바""]","[""카드결제"",""조식제공"",""짐보관가능""]"
42,대전 포레스트캠프 스톤글램,Korea,Daejeon,Camping,"598, Gyeryong-ro",0,42-1.jpg,42-2.jpg,42-3.jpg,42-4.jpg,42-5.jpg,2026-02-01,2026-12-31,"[""무선인터넷"",""욕실용품"",""에어컨"",""샤워실"",""TV"",""개인콘센트""]","[""바베큐"",""편의점"",""라운지"",""탈수기"",""레스토랑"",""바""]","[""캠프파이어"",""카드결제"",""스프링클러""]"
43,그랜드 스카이힐 호텔,Korea,Gwangju,Hotel,"111, Naebang-ro",1,43-1.jpg,43-2.jpg,43-3.jpg,43-4.jpg,43-5.jpg,2026-02-01,2026-12-31,"[""무선인터넷"",""욕실용품"",""에어컨"",""드라이기"",""샤워실"",""냉장고"",""TV"",""금연""]","[""피트니스"",""레스토랑"",""편의점"",""라운지"",""엘리베이터"",""비즈니스센터""]","[""카드결제"",""무료주차"",""조식제공""]"
44,라이트하버 리조트,Korea,Gwangju,Resort,"38, Munhwajeondang-ro",1,44-1.jpg,44-2.jpg,44-3.jpg,44-4.jpg,44-5.jpg,2026-02-01,2026-12-31,"[""무선인터넷"",""에어컨"",""드라이기"",""샤워실"",""TV"",""전기주전자"",""금연""]","[""레스토랑"",""사우나"",""편의점"",""바"",""라운지"",""엘리베이터""]","[""스프링클러"",""카드결제"",""짐보관가능""]"
45,브리즈 라운드 호텔,Korea,Gwangju,GuestHouse,"215, Seoljuk-ro",1,45-1.jpg,45-2.jpg,45-3.jpg,45-4.jpg,45-5.jpg,2026-02-01,2026-12-31,"[""무선인터넷"",""샤워실"",""욕실용품"",""냉장고"",""TV"",""개인콘센트"",""금연""]","[""편의점"",""바"",""엘리베이터"",""비즈니스센터"",""건조기"",""바베큐""]","[""카드결제"",""조식제공"",""무료주차""]"
46,힐브리즈 콘도,Korea,Gwangju,Condo,"338, Cheonbyeonjwa-ro",0,46-1.jpg,46-2.jpg,46-3.jpg,46-4.jpg,46-5.jpg,2026-02-01,2026-12-31,"[""무선인터넷"",""욕실용품"",""에어컨"",""샤워실"",""냉장고"",""TV"",""객실내취사"",""전기주전자""]","[""레스토랑"",""사우나"",""편의점"",""라운지"",""엘리베이터"",""건조기""]","[""스프링클러"",""카드결제"",""무료주차""]"
47,블루파크 호텔,Korea,Gwangju,Hotel,"7, Sangmujungang-ro",1,47-1.jpg,47-2.jpg,47-3.jpg,47-4.jpg,47-5.jpg,2026-02-01,2026-12-31,"[""무선인터넷"",""욕실용품"",""욕조"",""에어컨"",""TV"",""냉장고"",""개인콘센트""]","[""피트니스"",""레스토랑"",""실내수영장"",""라운지"",""엘리베이터"",""바""]","[""카드결제"",""조식제공"",""짐보관가능""]"
48,헤리티지 스테이 호텔,Korea,Gwangju,GuestHouse,"111, Naebang-ro",1,48-1.jpg,48-2.jpg,48-3.jpg,48-4.jpg,48-5.jpg,2026-02-01,2026-12-31,"[""무선인터넷"",""샤워실"",""에어컨"",""TV"",""냉장고"",""금연""]","[""편의점"",""라운지"",""엘리베이터"",""건조기"",""바베큐"",""비즈니스센터""]","[""카드결제"",""무료주차"",""개인사물함""]"
49,오션브리즈 리조텔,Korea,Jeju,Resort,"6, Munyeon-ro",0,49-1.jpg,49-2.jpg,49-3.jpg,49-4.jpg,49-5.jpg,2026-02-01,2026-12-31,"[""무선인터넷"",""욕조"",""에어컨"",""드라이기"",""냉장고"",""TV"",""실내수영장"",""금연""]","[""실내수영장"",""야외수영장"",""레스토랑"",""피트니스"",""라운지"",""엘리베이터""]","[""카드결제"",""조식제공"",""무료주차""]"
50,제누스 힐라인 호텔,Korea,Jeju,Hotel,"40, Jungang-ro",1,50-1.jpg,50-2.jpg,50-3.jpg,50-4.jpg,50-5.jpg,2026-02-01,2026-12-31,"[""무선인터넷"",""욕실용품"",""에어컨"",""샤워실"",""전기주전자"",""TV"",""금연""]","[""레스토랑"",""사우나"",""야외수영장"",""엘리베이터"",""라운지"",""바""]","[""카드결제"",""스프링클러"",""짐보관가능""]"
51,씨에라 콘도 스위트,Korea,Jeju,Condo,"242, Cheomdan-ro",0,51-1.jpg,51-2.jpg,51-3.jpg,51-4.jpg,51-5.jpg,2026-02-01,2026-12-31,"[""무선인터넷"",""샤워실"",""객실내취사"",""냉장고"",""TV"",""전기주전자"",""금연""]","[""편의점"",""엘리베이터"",""바베큐"",""건조기"",""라운지"",""사우나""]","[""무료주차"",""카드결제"",""캠프파이어""]"
52,블랑코 서머힐 호텔,Korea,Jeju,Hotel,"1, Seongsan-ri",1,52-1.jpg,52-2.jpg,52-3.jpg,52-4.jpg,52-5.jpg,2026-02-01,2026-12-31,"[""무선인터넷"",""욕조"",""에어컨"",""욕실용품"",""TV"",""냉장고"",""개인콘센트""]","[""피트니스"",""레스토랑"",""실내수영장"",""엘리베이터"",""바"",""라운지""]","[""카드결제"",""조식제공"",""무료주차""]"
53,에메랄드 베이 로지,Korea,Jeju,Hotel,"6, Munyeon-ro",0,53-1.jpg,53-2.jpg,53-3.jpg,53-4.jpg,53-5.jpg,2026-02-01,2026-12-31,"[""무선인터넷"",""샤워실"",""드라이기"",""TV"",""냉장고"",""금연""]","[""편의점"",""라운지"",""엘리베이터"",""비즈니스센터"",""건조기"",""바베큐""]","[""카드결제"",""개인사물함"",""조식제공""]"
54,서머필드 캠프 로지,Korea,Jeju,Camping,"242, Cheomdan-ro",1,54-1.jpg,54-2.jpg,54-3.jpg,54-4.jpg,54-5.jpg,2026-02-01,2026-12-31,"[""무선인터넷"",""샤워실"",""개인콘센트"",""금연"",""전기주전자"",""TV""]","[""바베큐"",""편의점"",""건조기"",""탈수기"",""라운지"",""사우나""]","[""캠프파이어"",""카드결제"",""무료주차""]"
55,포항 씨라인 호텔,Korea,Pohang,Hotel,"1, Sicheong-ro",1,55-1.jpg,55-2.jpg,55-3.jpg,55-4.jpg,55-5.jpg,2026-02-01,2026-12-31,"[""무선인터넷"",""샤워실"",""에어컨"",""TV"",""냉장고"",""금연"",""전기주전자""]","[""레스토랑"",""편의점"",""엘리베이터"",""라운지"",""바"",""비즈니스센터""]","[""카드결제"",""무료주차"",""짐보관가능""]"
56,포트웨이브 리조트,Korea,Pohang,Resort,"93, Haean-ro",1,56-1.jpg,56-2.jpg,56-3.jpg,56-4.jpg,56-5.jpg,2026-02-01,2026-12-31,"[""무선인터넷"",""욕조"",""에어컨"",""드라이기"",""냉장고"",""TV"",""실내수영장""]","[""피트니스"",""실내수영장"",""야외수영장"",""레스토랑"",""라운지"",""엘리베이터""]","[""카드결제"",""조식제공"",""무료주차""]"
57,포항 마리나 스테이,Korea,Pohang,GuestHouse,"790, Huimang-daero",0,57-1.jpg,57-2.jpg,57-3.jpg,57-4.jpg,57-5.jpg,2026-02-01,2026-12-31,"[""무선인터넷"",""샤워실"",""TV"",""냉장고"",""드라이기"",""금연"",""전기주전자""]","[""편의점"",""라운지"",""바베큐"",""건조기"",""사우나"",""엘리베이터""]","[""카드결제"",""개인사물함"",""무료주차""]"
58,오션스톤 콘도,Korea,Pohang,Condo,"36, Samho-ro",0,58-1.jpg,58-2.jpg,58-3.jpg,58-4.jpg,58-5.jpg,2026-02-01,2026-12-31,"[""무선인터넷"",""샤워실"",""냉장고"",""객실내취사"",""TV"",""전기주전자"",""금연""]","[""레스토랑"",""편의점"",""엘리베이터"",""야외수영장"",""바"",""라운지""]","[""카드결제"",""조식제공"",""무료주차""]"
59,블루웨이브 캠프,Korea,Pohang,Camping,"30, Hwanhogongwon-gil",1,59-1.jpg,59-2.jpg,59-3.jpg,59-4.jpg,59-5.jpg,2026-02-01,2026-12-31,"[""무선인터넷"",""샤워실"",""전기주전자"",""TV"",""금연"",""개인콘센트""]","[""바베큐"",""편의점"",""탈수기"",""건조기"",""라운지"",""사우나""]","[""캠프파이어"",""무료주차"",""카드결제""]"
60,포항 클리프오션 호텔,Korea,Pohang,Hotel,"1, Sicheong-ro",0,60-1.jpg,60-2.jpg,60-3.jpg,60-4.jpg,60-5.jpg,2026-02-01,2026-12-31,"[""무선인터넷"",""욕실용품"",""에어컨"",""냉장고"",""TV"",""욕조"",""금연""]","[""피트니스"",""레스토랑"",""실내수영장"",""라운지"",""엘리베이터"",""바""]","[""조식제공"",""카드결제"",""무료주차""]"
61,스카이 브리즈 호텔,Japan,Tokyo,Hotel,"1-1-2 Oshiage, Sumida-ku, Tokyo 131-0045, Japan",1,61-1.jpg,61-2.jpg,61-3.jpg,61-4.jpg,61-5.jpg,2026-02-01,2026-12-31,"[""무선인터넷"",""욕실용품"",""에어컨"",""드라이기"",""샤워실"",""냉장고"",""TV""]","[""레스토랑"",""라운지"",""편의점"",""엘리베이터"",""사우나"",""비즈니스센터"",""바""]","[""조식제공"",""무료주차"",""카드결제"",""짐보관가능""]"
62,블루문 라이트 호텔,Japan,Tokyo,Resort,"4-2-8 Shibakoen, Minato-ku, Tokyo 105-0011, Japan",0,62-1.jpg,62-2.jpg,62-3.jpg,62-4.jpg,62-5.jpg,2026-02-01,2026-12-31,"[""무선인터넷"",""금연"",""욕실용품"",""샤워실"",""전기주전자"",""TV"",""냉장고"",""개인콘센트""]","[""피트니스"",""레스토랑"",""사우나"",""라운지"",""엘리베이터"",""야외수영장""]","[""스프링클러"",""카드결제"",""조식제공"",""반려견동반""]"
63,그랜드 루미에르 호텔,Japan,Tokyo,GuestHouse,"2-3-1 Asakusa, Taito-ku, Tokyo 111-0032, Japan",1,63-1.jpg,63-2.jpg,63-3.jpg,63-4.jpg,63-5.jpg,2026-02-01,2026-12-31,"[""욕조"",""금연"",""TV"",""무선인터넷"",""욕실용품"",""냉장고"",""드라이기""]","[""레스토랑"",""편의점"",""엘리베이터"",""바"",""비즈니스센터"",""건조기""]","[""무료주차"",""카드결제"",""짐보관가능"",""개인사물함""]"
64,라이트 힐즈 스위트,Japan,Tokyo,Condo,"1-9-1 Marunouchi, Chiyoda-ku, Tokyo 100-0005, Japan",0,64-1.jpg,64-2.jpg,64-3.jpg,64-4.jpg,64-5.jpg,2026-02-01,2026-12-31,"[""무선인터넷"",""샤워실"",""전기주전자"",""개인콘센트"",""드라이기"",""에어컨""]","[""피트니스"",""엘리베이터"",""라운지"",""편의점"",""바"",""사우나""]","[""스프링클러"",""카드결제"",""짐보관가능""]"
65,센트럴 오닉스 호텔,Japan,Tokyo,Camping,"3-21-16 Jingumae, Shibuya-ku, Tokyo 150-0001, Japan",1,65-1.jpg,65-2.jpg,65-3.jpg,65-4.jpg,6-5.jpg,2026-02-01,2026-12-31,"[""무선인터넷"",""개인콘센트"",""전기주전자"",""TV"",""에어컨"",""샤워실""]","[""바베큐"",""편의점"",""라운지"",""건조기"",""탈수기"",""야외수영장"",""엘리베이터""]","[""캠프파이어"",""조식제공"",""무료주차""]"
66,프리미어노바 호텔,Japan,Tokyo,Hotel,"6-10-1 Roppongi, Minato-ku, Tokyo 106-0032, Japan",1,66-1.jpg,66-2.jpg,66-3.jpg,66-4.jpg,66-5.jpg,2026-02-01,2026-12-31,"[""욕실용품"",""TV"",""무선인터넷"",""욕조"",""냉장고"",""샤워실"",""드라이기""]","[""피트니스"",""레스토랑"",""엘리베이터"",""비즈니스센터"",""편의점"",""라운지""]","[""무료주차"",""카드결제"",""스프링클러"",""짐보관가능""]"
67,모던크레센트 호텔,Japan,Tokyo,Resort,"1-1 Uchisaiwaicho, Chiyoda-ku, Tokyo 100-0011, Japan",1,67-1.jpg,67-2.jpg,67-3.jpg,67-4.jpg,67-5.jpg,2026-02-01,2026-12-31,"[""금연"",""무선인터넷"",""전기주전자"",""드라이기"",""샤워실"",""냉장고""]","[""사우나"",""엘리베이터"",""라운지"",""바"",""편의점"",""건조기""]","[""조식제공"",""카드결제"",""무료주차""]"
68,루프테라스 호텔,Japan,Tokyo,Hotel,"2-8-1 Nishishinjuku, Shinjuku-ku, Tokyo 163-8001, Japan",1,68-1.jpg,68-2.jpg,68-3.jpg,68-4.jpg,68-5.jpg,2026-02-01,2026-12-31,"[""무선인터넷"",""드라이기"",""전기주전자"",""금연"",""욕조"",""샤워실"",""에어컨""]","[""레스토랑"",""사우나"",""엘리베이터"",""편의점"",""야외수영장"",""라운지""]","[""카드결제"",""무료주차"",""짐보관가능""]"
69,스노우바레 호텔,Japan,Sapporo,Condo,"Kita 5 Jonishi 2 Chome, Chuo Ward, Sapporo, Hokkaido 060-0005, Japan",0,69-1.jpg,69-2.jpg,69-3.jpg,69-4.jpg,69-5.jpg,2026-02-12,2026-12-31,"[""무선인터넷"",""욕실용품"",""전기주전자"",""샤워실"",""냉장고"",""TV"",""금연""]","[""피트니스"",""사우나"",""편의점"",""라운지"",""엘리베이터"",""비즈니스센터""]","[""조식제공"",""무료주차"",""카드결제""]"
70,화이트 마운틴 스위트,Japan,Sapporo,Hotel,"Odori Nishi 1 Chome, Chuo Ward, Sapporo, Hokkaido 060-0042, Japan",1,70-1.jpg,70-2.jpg,70-3.jpg,70-4.jpg,70-5.jpg,2026-02-24,2026-12-31,"[""무선인터넷"",""욕조"",""샤워실"",""드라이기"",""냉장고"",""TV"",""전기주전자""]","[""레스토랑"",""사우나"",""라운지"",""엘리베이터"",""건조기"",""편의점""]","[""무료주차"",""짐보관가능"",""스프링클러""]"
71,하이번 크로스 호텔,Japan,Sapporo,Camping,"Kita 1 Jonishi 6 Chome, Chuo Ward, Sapporo, Hokkaido 060-0041, Japan",1,71-1.jpg,71-2.jpg,71-3.jpg,71-4.jpg,71-5.jpg,2026-02-08,2026-12-31,"[""샤워실"",""전기주전자"",""에어컨"",""개인콘센트"",""무선인터넷"",""욕실용품""]","[""바베큐"",""편의점"",""사우나"",""라운지"",""탈수기"",""건조기""]","[""캠프파이어"",""무료주차"",""카드결제""]"
72,딥 블리자드 호텔,Japan,Sapporo,Hotel,"Kita 7 Jonishi 2 Chome, Kita Ward, Sapporo, Hokkaido 060-0807, Japan",0,72-1.jpg,72-2.jpg,72-3.jpg,72-4.jpg,72-5.jpg,2026-02-21,2026-12-31,"[""무선인터넷"",""욕실용품"",""욕조"",""냉장고"",""드라이기"",""TV"",""개인콘센트""]","[""피트니스"",""레스토랑"",""사우나"",""엘리베이터"",""라운지"",""편의점""]","[""조식제공"",""카드결제"",""무료주차""]"
73,프레시 폴라리스 호텔,Japan,Sapporo,GuestHouse,"Minami 2 Jonishi 3 Chome, Chuo Ward, Sapporo, Hokkaido 060-0062, Japan",1,73-1.jpg,73-2.jpg,73-3.jpg,73-4.jpg,73-5.jpg,2026-02-02,2026-12-31,"[""무선인터넷"",""전기주전자"",""금연"",""드라이기"",""샤워실"",""TV""]","[""레스토랑"",""라운지"",""피트니스"",""편의점"",""비즈니스센터"",""엘리베이터""]","[""카드결제"",""짐보관가능"",""무료주차""]"
74,스노우 브리즈 리조트,Japan,Sapporo,Resort,"Miyanomori 2 Jo 11 Chome, Chuo Ward, Sapporo, Hokkaido 064-0959, Japan",1,74-1.jpg,74-2.jpg,74-3.jpg,74-4.jpg,74-5.jpg,2026-02-17,2026-12-31,"[""무선인터넷"",""욕조"",""샤워실"",""욕실용품"",""드라이기"",""전기주전자"",""냉장고""]","[""야외수영장"",""편의점"",""바"",""엘리베이터"",""라운지"",""비즈니스센터""]","[""카드결제"",""조식제공"",""스프링클러""]"
75,스노우 하모니 호텔,Japan,Sapporo,GuestHouse,"Makomanai Park, Minami Ward, Sapporo, Hokkaido 005-0861, Japan",0,75-1.jpg,75-2.jpg,75-3.jpg,75-4.jpg,75-5.jpg,2026-02-20,2026-12-31,"[""무선인터넷"",""샤워실"",""전기주전자"",""드라이기"",""TV"",""금연""]","[""엘리베이터"",""편의점"",""건조기"",""라운지"",""사우나"",""바베큐""]","[""짐보관가능"",""카드결제"",""무료주차""]"
76,라이트 애스펜 호텔,Japan,Sapporo,Hotel,"Kita 13 Jonishi 8 Chome, Kita Ward, Sapporo, Hokkaido 060-0813, Japan",1,76-1.jpg,76-2.jpg,76-3.jpg,76-4.jpg,76-5.jpg,2026-02-11,2026-12-31,"[""무선인터넷"",""샤워실"",""전기주전자"",""냉장고"",""TV"",""금연"",""욕조""]","[""라운지"",""엘리베이터"",""사우나"",""편의점"",""비즈니스센터"",""바""]","[""무료주차"",""조식제공"",""카드결제""]"
77,포레스트 힐스호텔,USA,LosAngeles,Hotel,"111 S Grand Ave, Los Angeles, CA 90012, USA",1,77-1.jpg,77-2.jpg,77-3.jpg,77-4.jpg,77-5.jpg,2026-02-06,2026-12-31,"[""무선인터넷"",""욕실용품"",""샤워실"",""전기주전자"",""냉장고"",""TV"",""금연""]","[""레스토랑"",""피트니스"",""사우나"",""라운지"",""편의점"",""엘리베이터""]","[""무료주차"",""카드결제"",""조식제공""]"
78,오션 클라우드 리조트,USA,LosAngeles,Resort,"6801 Hollywood Blvd, Los Angeles, CA 90028, USA",1,78-1.jpg,78-2.jpg,78-3.jpg,78-4.jpg,78-5.jpg,2026-02-14,2026-12-31,"[""무선인터넷"",""욕조"",""드라이기"",""전기주전자"",""에어컨"",""샤워실"",""TV""]","[""야외수영장"",""라운지"",""레스토랑"",""바"",""엘리베이터"",""편의점""]","[""카드결제"",""조식제공"",""짐보관가능""]"
79,어반 블루 스위트,USA,LosAngeles,GuestHouse,"200 Santa Monica Pier, Santa Monica, CA 90401, USA",0,79-1.jpg,79-2.jpg,79-3.jpg,79-4.jpg,79-5.jpg,2026-02-20,2026-12-31,"[""무선인터넷"",""샤워실"",""전기주전자"",""금연"",""드라이기"",""냉장고""]","[""편의점"",""라운지"",""피트니스"",""엘리베이터"",""바"",""건조기""]","[""스프링클러"",""무료주차"",""카드결제""]"
80,선셋 마레 호텔,USA,LosAngeles,Condo,"100 Universal City Plaza, Universal City, CA 91608, USA",1,80-1.jpg,80-2.jpg,80-3.jpg,80-4.jpg,80-5.jpg,2026-02-09,2026-12-31,"[""무선인터넷"",""욕실용품"",""샤워실"",""에어컨"",""TV"",""냉장고"",""전기주전자""]","[""피트니스"",""사우나"",""편의점"",""라운지"",""엘리베이터"",""비즈니스센터""]","[""무료주차"",""조식제공"",""짐보관가능""]"
81,레드스톤 힐스 호텔,USA,LosAngeles,Camping,"395 Santa Monica Place, Santa Monica, CA 90401, USA",1,81-1.jpg,81-2.jpg,81-3.jpg,81-4.jpg,81-5.jpg,2026-02-21,2026-12-31,"[""샤워실"",""전기주전자"",""개인콘센트"",""드라이기"",""무선인터넷"",""금연""]","[""바베큐"",""편의점"",""탈수기"",""건조기"",""라운지"",""사우나""]","[""캠프파이어"",""무료주차"",""카드결제""]"
82,하버링크 호텔,USA,LosAngeles,Hotel,"1201 S Figueroa St, Los Angeles, CA 90015, USA",0,82-1.jpg,82-2.jpg,82-3.jpg,82-4.jpg,82-5.jpg,2026-02-02,2026-12-31,"[""무선인터넷"",""욕조"",""욕실용품"",""드라이기"",""TV"",""샤워실"",""에어컨""]","[""레스토랑"",""라운지"",""편의점"",""엘리베이터"",""비즈니스센터"",""바""]","[""카드결제"",""조식제공"",""무료주차""]"
83,그랜드 웨이브 호텔,USA,LosAngeles,Resort,"5905 Wilshire Blvd, Los Angeles, CA 90036, USA",1,83-1.jpg,83-2.jpg,83-3.jpg,83-4.jpg,83-5.jpg,2026-02-18,2026-12-31,"[""무선인터넷"",""욕실용품"",""에어컨"",""전기주전자"",""샤워실"",""TV"",""냉장고""]","[""피트니스"",""사우나"",""라운지"",""바"",""레스토랑"",""엘리베이터""]","[""짐보관가능"",""무료주차"",""카드결제""]"
84,라구나브리즈 호텔,USA,LosAngeles,GuestHouse,"3400 W Riverside Dr, Burbank, CA 91505, USA",1,84-1.jpg,84-2.jpg,84-3.jpg,84-4.jpg,84-5.jpg,2026-02-11,2026-12-31,"[""무선인터넷"",""전기주전자"",""샤워실"",""TV"",""드라이기"",""냉장고"",""금연""]","[""편의점"",""라운지"",""피트니스"",""사우나"",""건조기"",""엘리베이터""]","[""조식제공"",""카드결제"",""무료주차""]"
85,센트럴 브리즈 호텔,USA,New York,Hotel,"350 5th Ave, New York, NY 10118, USA",0,85-1.jpg,85-2.jpg,85-3.jpg,85-4.jpg,85-5.jpg,2026-02-05,2026-12-31,"[""무선인터넷"",""욕조"",""욕실용품"",""TV"",""드라이기"",""전기주전자"",""냉장고""]","[""레스토랑"",""비즈니스센터"",""엘리베이터"",""라운지"",""편의점"",""사우나""]","[""카드결제"",""무료주차"",""짐보관가능""]"
86,에메랄드파크 리조트,USA,New York,Resort,"405 Lexington Ave, New York, NY 10174, USA",1,86-1.jpg,86-2.jpg,86-3.jpg,86-4.jpg,86-5.jpg,2026-02-18,2026-12-31,"[""무선인터넷"",""샤워실"",""드라이기"",""전기주전자"",""TV"",""욕실용품"",""에어컨""]","[""라운지"",""레스토랑"",""야외수영장"",""편의점"",""비즈니스센터"",""바""]","[""카드결제"",""조식제공"",""무료주차""]"
87,노바 크라운 스위트,USA,New York,GuestHouse,"11 Wall St, New York, NY 10005, USA",1,87-1.jpg,87-2.jpg,87-3.jpg,87-4.jpg,87-5.jpg,2026-02-20,2026-12-31,"[""무선인터넷"",""금연"",""샤워실"",""TV"",""냉장고"",""전기주전자"",""드라이기""]","[""피트니스"",""편의점"",""라운지"",""사우나"",""엘리베이터"",""건조기""]","[""카드결제"",""무료주차"",""짐보관가능""]"
88,하모니 프라임 호텔,USA,New York,Condo,"200 Central Park West, New York, NY 10024, USA",1,88-1.jpg,88-2.jpg,88-3.jpg,88-4.jpg,88-5.jpg,2026-02-11,2026-12-31,"[""무선인터넷"",""욕조"",""욕실용품"",""샤워실"",""드라이기"",""TV"",""전기주전자""]","[""레스토랑"",""라운지"",""사우나"",""엘리베이터"",""편의점"",""비즈니스센터""]","[""카드결제"",""짐보관가능"",""조식제공""]"
89,브로드웨이 샤인 호텔,USA,New York,Camping,"30 Rockefeller Plaza, New York, NY 10112, USA",1,89-1.jpg,89-2.jpg,89-3.jpg,89-4.jpg,89-5.jpg,2026-02-02,2026-12-31,"[""샤워실"",""전기주전자"",""드라이기"",""무선인터넷"",""금연"",""TV""]","[""바베큐"",""건조기"",""편의점"",""라운지"",""사우나"",""탈수기""]","[""캠프파이어"",""무료주차"",""카드결제""]"
90,미드타운 힐즈호텔,USA,New York,Hotel,"151 W 34th St, New York, NY 10001, USA",0,90-1.jpg,90-2.jpg,90-3.jpg,90-4.jpg,90-5.jpg,2026-02-22,2026-12-31,"[""무선인터넷"",""욕실용품"",""드라이기"",""샤워실"",""TV"",""에어컨"",""전기주전자""]","[""피트니스"",""라운지"",""레스토랑"",""편의점"",""사우나"",""엘리베이터""]","[""무료주차"",""조식제공"",""카드결제""]"
91,센트럴 스카이라인 호텔,USA,New York,Resort,"89 E 42nd St, New York, NY 10017, USA",1,91-1.jpg,91-2.jpg,91-3.jpg,91-4.jpg,91-5.jpg,2026-02-16,2026-12-31,"[""무선인터넷"",""샤워실"",""전기주전자"",""TV"",""드라이기"",""냉장고"",""금연""]","[""레스토랑"",""라운지"",""피트니스"",""편의점"",""건조기"",""사우나""]","[""무료주차"",""카드결제"",""짐보관가능""]"
92,브루클린 웨이브 호텔,USA,New York,GuestHouse,"1 World Trade Center, New York, NY 10007, USA",1,92-1.jpg,92-2.jpg,92-3.jpg,92-4.jpg,92-5.jpg,2026-02-20,2026-12-31,"[""무선인터넷"",""샤워실"",""전기주전자"",""TV"",""금연"",""냉장고"",""드라이기""]","[""편의점"",""라운지"",""피트니스"",""사우나"",""엘리베이터"",""바""]","[""무료주차"",""카드결제"",""조식제공""]"
93,트로피컬 웨이브 호텔,USA,Guam,Resort,"1155 Pale San Vitores Rd, Tumon, GU 96913, USA",1,93-1.jpg,93-2.jpg,93-3.jpg,93-4.jpg,93-5.jpg,2026-02-07,2026-12-31,"[""무선인터넷"",""샤워실"",""욕조"",""드라이기"",""에어컨"",""TV"",""냉장고""]","[""야외수영장"",""라운지"",""레스토랑"",""편의점"",""바"",""엘리베이터""]","[""조식제공"",""카드결제"",""무료주차""]"
94,블루샌드 스위트,USA,Guam,Hotel,"1225 Pale San Vitores Rd, Tumon, GU 96913, USA",1,94-1.jpg,94-2.jpg,94-3.jpg,94-4.jpg,94-5.jpg,2026-02-16,2026-12-31,"[""무선인터넷"",""샤워실"",""TV"",""전기주전자"",""드라이기"",""냉장고"",""금연""]","[""라운지"",""피트니스"",""사우나"",""편의점"",""엘리베이터"",""바""]","[""무료주차"",""짐보관가능"",""카드결제""]"
95,아이랜더베이 리조트,USA,Guam,Resort,"144 West Marine Corps Dr, Hagåtña, GU 96910, USA",1,95-1.jpg,95-2.jpg,95-3.jpg,95-4.jpg,95-5.jpg,2026-02-20,2026-12-31,"[""무선인터넷"",""욕실용품"",""욕조"",""드라이기"",""전기주전자"",""TV"",""에어컨""]","[""야외수영장"",""레스토랑"",""라운지"",""사우나"",""비즈니스센터"",""편의점""]","[""무료주차"",""조식제공"",""카드결제""]"
96,코랄리프 호텔,USA,Guam,GuestHouse,"1317 Pale San Vitores Rd, Tumon, GU 96913, USA",1,96-1.jpg,96-2.jpg,96-3.jpg,96-4.jpg,96-5.jpg,2026-02-03,2026-12-31,"[""무선인터넷"",""전기주전자"",""샤워실"",""금연"",""드라이기"",""TV""]","[""편의점"",""라운지"",""탈수기"",""건조기"",""사우나"",""바베큐""]","[""무료주차"",""카드결제"",""캠프파이어""]"
97,에메랄드비치 호텔,USA,Guam,Hotel,"1088 West Marine Corps Dr, Tamuning, GU 96913, USA",1,97-1.jpg,97-2.jpg,97-3.jpg,97-4.jpg,97-5.jpg,2026-02-20,2026-12-31,"[""무선인터넷"",""샤워실"",""에어컨"",""TV"",""드라이기"",""전기주전자"",""냉장고""]","[""라운지"",""레스토랑"",""피트니스"",""사우나"",""엘리베이터"",""편의점""]","[""무료주차"",""조식제공"",""카드결제""]"
98,트로피컬코브 호텔,USA,Guam,Camping,"155 Ypao Rd, Tamuning, GU 96913, USA",1,98-1.jpg,98-2.jpg,98-3.jpg,98-4.jpg,98-5.jpg,2026-02-12,2026-12-31,"[""무선인터넷"",""전기주전자"",""샤워실"",""드라이기"",""냉장고"",""금연""]","[""바베큐"",""라운지"",""편의점"",""탈수기"",""사우나"",""건조기""]","[""무료주차"",""카드결제"",""캠프파이어""]"
99,코코넛하버 호텔,USA,Guam,Condo,"1296 Pale San Vitores Rd, Tumon, GU 96913, USA",0,99-1.jpg,99-2.jpg,99-3.jpg,99-4.jpg,99-5.jpg,2026-02-24,2026-12-31,"[""무선인터넷"",""욕실용품"",""욕조"",""드라이기"",""전기주전자"",""냉장고"",""TV""]","[""레스토랑"",""라운지"",""엘리베이터"",""사우나"",""편의점"",""비즈니스센터""]","[""무료주차"",""카드결제"",""조식제공""]"
100,블루리프 베이스위트,USA,Guam,Hotel,"1 Chalan San Antonio, Tamuning, GU 96913, USA",1,100-1.jpg,100-2.jpg,100-3.jpg,100-4.jpg,100-5.jpg,2026-02-09,2026-12-31,"[""무선인터넷"",""샤워실"",""전기주전자"",""금연"",""TV"",""드라이기"",""냉장고""]","[""라운지"",""편의점"",""사우나"",""엘리베이터"",""바"",""건조기""]","[""카드결제"",""무료주차"",""짐보관가능""]"
101,스카이브리즈 프라임 호텔,China,Zhangjiajie,Hotel,"Wulingyuan District, Zhangjiajie, Hunan 427000, China",1,101-1.jpg,101-2.jpg,101-3.jpg,101-4.jpg,101-5.jpg,2026-02-06,2026-12-31,"[""무선인터넷"",""욕실용품"",""에어컨"",""드라이기"",""샤워실"",""냉장고"",""TV"",""전기주전자""]","[""피트니스"",""레스토랑"",""사우나"",""실내수영장"",""편의점"",""라운지"",""엘리베이터""]","[""카드결제"",""무료주차"",""조식제공"",""짐보관가능""]"
102,블루웨이브 시그니처 호텔,China,Zhangjiajie,Resort,"No. 88 Jundi Road, Yongding District, Zhangjiajie, Hunan 427000, China",1,102-1.jpg,102-2.jpg,102-3.jpg,102-4.jpg,102-5.jpg,2026-02-14,2026-12-31,"[""무선인터넷"",""욕실용품"",""에어컨"",""샤워실"",""TV"",""객실내취사"",""금연""]","[""레스토랑"",""실내수영장"",""야외수영장"",""편의점"",""비즈니스센터"",""바""]","[""무료주차"",""카드결제"",""스프링클러""]"
103,하모니힐 클래식 호텔,China,Zhangjiajie,GuestHouse,"Zhangjiajie National Forest Park, Wulingyuan District, Zhangjiajie, Hunan, China",1,103-1.jpg,103-2.jpg,103-3.jpg,103-4.jpg,103-5.jpg,2026-02-20,2026-12-31,"[""무선인터넷"",""욕실용품"",""드라이기"",""TV"",""전기주전자"",""개인콘센트""]","[""피트니스"",""편의점"",""엘리베이터"",""바베큐"",""바"",""라운지""]","[""조식제공"",""카드결제"",""짐보관가능""]"
104,루미너스 파크 호텔,China,Zhangjiajie,Condo,"Baofeng Road, Wulingyuan District, Zhangjiajie, Hunan 427400, China",0,104-1.jpg,104-2.jpg,104-3.jpg,104-4.jpg,104-5.jpg,2026-02-11,2026-12-31,"[""무선인터넷"",""욕실용품"",""에어컨"",""샤워실"",""냉장고"",""TV"",""전기주전자"",""욕조""]","[""사우나"",""실내수영장"",""야외수영장"",""편의점"",""비즈니스센터"",""라운지""]","[""카드결제"",""무료주차"",""조식제공"",""반려견동반""]"
105,레브클라우드 시그니처 호텔,China,Zhangjiajie,Camping,"No. 2 Ziwu Road, Yongding District, Zhangjiajie, Hunan 427000, China",1,105-1.jpg,105-2.jpg,105-3.jpg,105-4.jpg,105-5.jpg,2026-02-02,2026-12-31,"[""무선인터넷"",""욕실용품"",""에어컨"",""샤워실"",""금연"",""개인콘센트""]","[""야외수영장"",""편의점"",""바베큐"",""바"",""라운지"",""건조기""]","[""캠프파이어"",""조식제공"",""카드결제""]"
106,클라우드하버 프리미엄 호텔,China,Zhangjiajie,Hotel,"Tianmen Mountain Cableway Station, Guanliping Road, Yongding District, Zhangjiajie, Hunan, China",1,106-1.jpg,106-2.jpg,106-3.jpg,106-4.jpg,106-5.jpg,2026-02-18,2026-12-31,"[""무선인터넷"",""욕실용품"",""에어컨"",""드라이기"",""샤워실"",""냉장고"",""금연"",""전기주전자""]","[""피트니스"",""사우나"",""실내수영장"",""편의점"",""비즈니스센터"",""라운지"",""엘리베이터""]","[""무료주차"",""카드결제"",""조식제공""]"
107,에코파크 하모니 호텔,China,Zhangjiajie,GuestHouse,"No. 18 Dayong Road, Yongding District, Zhangjiajie, Hunan 427000, China",1,107-1.jpg,107-2.jpg,107-3.jpg,107-4.jpg,107-5.jpg,2026-02-09,2026-12-31,"[""무선인터넷"",""욕실용품"",""드라이기"",""TV"",""개인콘센트"",""전기주전자""]","[""편의점"",""바베큐"",""야외수영장"",""바"",""라운지"",""엘리베이터""]","[""카드결제"",""짐보관가능"",""조식제공""]"
108,브릴리언트힐 로얄 호텔,China,Zhangjiajie,Resort,"Huangshi Village Scenic Area, Wulingyuan District, Zhangjiajie, Hunan, China",0,108-1.jpg,108-2.jpg,108-3.jpg,108-4.jpg,108-5.jpg,2026-02-24,2026-12-31,"[""무선인터넷"",""욕실용품"",""에어컨"",""샤워실"",""전기주전자"",""냉장고"",""TV"",""욕조""]","[""피트니스"",""실내수영장"",""사우나"",""편의점"",""바"",""라운지""]","[""무료주차"",""카드결제"",""조식제공"",""스프링클러""]"
109,블루문 프레스티지 호텔,China,Shanghai,Hotel,"No. 300 Huaihai Middle Road, Huangpu District, Shanghai 200021, China",1,109-1.jpg,109-2.jpg,109-3.jpg,109-4.jpg,109-5.jpg,2026-02-06,2026-12-31,"[""무선인터넷"",""욕실용품"",""에어컨"",""드라이기"",""샤워실"",""TV"",""전기주전자"",""금연""]","[""피트니스"",""레스토랑"",""사우나"",""비즈니스센터"",""편의점"",""엘리베이터""]","[""카드결제"",""무료주차"",""조식제공""]"
110,레브코스트 디럭스 호텔,China,Shanghai,Condo,"No. 501 Yincheng Middle Road, Pudong New Area, Shanghai 200120, China",1,110-1.jpg,110-2.jpg,110-3.jpg,110-4.jpg,110-5.jpg,2026-02-14,2026-12-31,"[""무선인터넷"",""욕실용품"",""에어컨"",""샤워실"",""TV"",""전기주전자"",""냉장고""]","[""레스토랑"",""편의점"",""바"",""라운지"",""건조기"",""엘리베이터""]","[""카드결제"",""짐보관가능"",""조식제공""]"
111,오션힐 클래식 호텔,China,Shanghai,GuestHouse,"No. 201 Renmin Avenue, Huangpu District, Shanghai 200003, China",1,111-1.jpg,111-2.jpg,111-3.jpg,111-4.jpg,111-5.jpg,2026-02-20,2026-12-31,"[""무선인터넷"",""욕실용품"",""드라이기"",""샤워실"",""TV"",""금연"",""전기주전자""]","[""피트니스"",""편의점"",""라운지"",""사우나"",""바베큐"",""엘리베이터""]","[""조식제공"",""카드결제"",""스프링클러""]"
112,하모니브릿지 로얄 호텔,China,Shanghai,Resort,"No. 88 Century Avenue, Pudong New Area, Shanghai 200121, China",1,112-1.jpg,112-2.jpg,112-3.jpg,112-4.jpg,112-5.jpg,2026-02-11,2026-12-31,"[""무선인터넷"",""욕실용품"",""에어컨"",""드라이기"",""냉장고"",""TV"",""욕조"",""전기주전자""]","[""실내수영장"",""사우나"",""레스토랑"",""라운지"",""비즈니스센터"",""편의점""]","[""무료주차"",""카드결제"",""조식제공""]"
113,라이트베이 모던 호텔,China,Shanghai,Camping,"No. 100 Century Avenue, Pudong New Area, Shanghai 200120, China",1,113-1.jpg,113-2.jpg,113-3.jpg,113-4.jpg,113-5.jpg,2026-02-02,2026-12-31,"[""무선인터넷"",""욕실용품"",""에어컨"",""드라이기"",""전기주전자"",""개인콘센트""]","[""야외수영장"",""바"",""라운지"",""편의점"",""바베큐"",""건조기""]","[""카드결제"",""짐보관가능"",""캠프파이어""]"
114,에메랄드스테이 시그니처 호텔,China,Shanghai,Hotel,"No. 258 Daduhe Road, Putuo District, Shanghai 200333, China",1,114-1.jpg,114-2.jpg,114-3.jpg,114-4.jpg,114-5.jpg,2026-02-18,2026-12-31,"[""무선인터넷"",""욕실용품"",""에어컨"",""샤워실"",""금연"",""TV"",""전기주전자"",""냉장고""]","[""피트니스"",""레스토랑"",""사우나"",""편의점"",""라운지"",""엘리베이터""]","[""무료주차"",""카드결제"",""조식제공""]"
115,피스포레스트 프라임 호텔,China,Shanghai,Resort,"No. 1000 Lujiazui Ring Road, Pudong New Area, Shanghai 200120, China",0,115-1.jpg,115-2.jpg,115-3.jpg,115-4.jpg,115-5.jpg,2026-02-09,2026-12-31,"[""무선인터넷"",""욕실용품"",""에어컨"",""드라이기"",""냉장고"",""TV"",""전기주전자"",""욕조""]","[""실내수영장"",""사우나"",""비즈니스센터"",""레스토랑"",""편의점"",""엘리베이터""]","[""무료주차"",""조식제공"",""카드결제""]"
116,코발트시티 모던 호텔,China,Shanghai,GuestHouse,"No. 181 Tianyaoqiao Road, Xuhui District, Shanghai 200030, China",1,116-1.jpg,116-2.jpg,116-3.jpg,116-4.jpg,116-5.jpg,2026-02-24,2026-12-31,"[""무선인터넷"",""욕실용품"",""에어컨"",""샤워실"",""TV"",""전기주전자"",""개인콘센트""]","[""라운지"",""편의점"",""사우나"",""바"",""바베큐"",""엘리베이터""]","[""카드결제"",""조식제공"",""무료주차""]"
117,로마 엘레강트 스위트,Italy,Rome,Hotel,"Piazza del Colosseo, 1, 00184 Rome, Italy",1,117-1.jpg,117-2.jpg,117-3.jpg,117-4.jpg,117-5.jpg,2026-02-06,2026-12-31,"[""무선인터넷"",""욕실용품"",""에어컨"",""드라이기"",""샤워실"",""TV"",""냉장고""]","[""레스토랑"",""피트니스"",""라운지"",""엘리베이터"",""비즈니스센터"",""바""]","[""카드결제"",""조식제공"",""무료주차""]"
118,로마 그랜드 팰리스,Italy,Rome,Resort,"Via della Conciliazione, 4, 00193 Rome, Italy",1,118-1.jpg,118-2.jpg,118-3.jpg,118-4.jpg,118-5.jpg,2026-02-14,2026-12-31,"[""무선인터넷"",""에어컨"",""드라이기"",""TV"",""욕조"",""전기주전자"",""샤워실""]","[""피트니스"",""실내수영장"",""레스토랑"",""라운지"",""엘리베이터"",""야외수영장""]","[""카드결제"",""짐보관가능"",""조식제공""]"
119,호텔 로마 클래시코,Italy,Rome,GuestHouse,"Piazza di Spagna, 00187 Rome, Italy",0,119-1.jpg,119-2.jpg,119-3.jpg,119-4.jpg,119-5.jpg,2026-02-20,2026-12-31,"[""무선인터넷"",""욕실용품"",""에어컨"",""드라이기"",""TV"",""금연""]","[""라운지"",""엘리베이터"",""편의점"",""레스토랑"",""바""]","[""카드결제"",""스프링클러"",""조식제공""]"
120,로마 럭셔리 베이 호텔,Italy,Rome,Hotel,"Piazza della Rotonda, 00186 Rome, Italy",1,120-1.jpg,120-2.jpg,120-3.jpg,120-4.jpg,120-5.jpg,2026-02-11,2026-12-31,"[""무선인터넷"",""욕실용품"",""에어컨"",""드라이기"",""욕조"",""TV"",""전기주전자""]","[""레스토랑"",""바"",""피트니스"",""실내수영장"",""라운지"",""엘리베이터""]","[""카드결제"",""무료주차"",""짐보관가능""]"
121,로마 비스타 가든 호텔,Italy,Rome,Condo,"Via del Corso, 305, 00186 Rome, Italy",1,121-1.jpg,121-2.jpg,121-3.jpg,121-4.jpg,121-5.jpg,2026-02-02,2026-12-31,"[""무선인터넷"",""샤워실"",""에어컨"",""드라이기"",""TV"",""전기주전자"",""금연""]","[""라운지"",""레스토랑"",""비즈니스센터"",""편의점"",""엘리베이터"",""건조기""]","[""카드결제"",""무료주차"",""조식제공""]"
122,로마 블루 스카이 호텔,Italy,Rome,Hotel,"Piazza Navona, 00186 Rome, Italy",0,122-1.jpg,122-2.jpg,122-3.jpg,122-4.jpg,122-5.jpg,2026-02-18,2026-12-31,"[""무선인터넷"",""욕실용품"",""에어컨"",""샤워실"",""TV"",""냉장고"",""드라이기""]","[""레스토랑"",""바"",""엘리베이터"",""편의점"",""라운지""]","[""카드결제"",""스프링클러"",""짐보관가능""]"
123,로마 임페리얼 스테이,Italy,Rome,Resort,"Viale Vaticano, 00165 Rome, Italy",1,123-1.jpg,123-2.jpg,123-3.jpg,123-4.jpg,123-5.jpg,2026-02-09,2026-12-31,"[""무선인터넷"",""욕조"",""에어컨"",""드라이기"",""TV"",""샤워실"",""금연""]","[""피트니스"",""실내수영장"",""야외수영장"",""레스토랑"",""비즈니스센터"",""라운지""]","[""카드결제"",""무료주차"",""조식제공""]"
124,로마 모던 라이트 호텔,Italy,Rome,Hotel,"Via Veneto, 00187 Rome, Italy",1,124-1.jpg,124-2.jpg,124-3.jpg,124-4.jpg,124-5.jpg,2026-02-24,2026-12-31,"[""무선인터넷"",""욕실용품"",""에어컨"",""샤워실"",""TV"",""드라이기"",""전기주전자""]","[""라운지"",""엘리베이터"",""레스토랑"",""바"",""편의점"",""사우나""]","[""카드결제"",""짐보관가능"",""무료주차""]"
125,베네치아 카날 뷰 호텔,Italy,Venice,Hotel,"San Marco 328, 30124 Venice, Italy",0,125-1.jpg,125-2.jpg,125-3.jpg,125-4.jpg,125-5.jpg,2026-02-06,2026-12-31,"[""무선인터넷"",""욕실용품"",""에어컨"",""드라이기"",""TV"",""욕조"",""냉장고""]","[""레스토랑"",""라운지"",""바"",""엘리베이터"",""실내수영장"",""피트니스""]","[""카드결제"",""유료조식"",""짐보관가능""]"
126,베네치아 라구나 팰리스,Italy,Venice,Resort,"Dorsoduro 2, 30123 Venice, Italy",1,126-1.jpg,126-2.jpg,126-3.jpg,126-4.jpg,126-5.jpg,2026-02-14,2026-12-31,"[""무선인터넷"",""욕실용품"",""에어컨"",""드라이기"",""샤워실"",""TV"",""전기주전자""]","[""라운지"",""피트니스"",""레스토랑"",""엘리베이터"",""바베큐"",""야외수영장""]","[""카드결제"",""무료주차"",""조식제공""]"
127,베네치아 하버 스카이 호텔,Italy,Venice,Hotel,"Cannaregio 1012, 30121 Venice, Italy",1,127-1.jpg,127-2.jpg,127-3.jpg,127-4.jpg,127-5.jpg,2026-02-20,2026-12-31,"[""무선인터넷"",""샤워실"",""에어컨"",""드라이기"",""TV"",""냉장고"",""금연""]","[""엘리베이터"",""레스토랑"",""바"",""편의점"",""라운지""]","[""카드결제"",""짐보관가능"",""스프링클러""]"
128,베네치아 워터라인 스위트,Italy,Venice,Hotel,"Castello 4392, 30122 Venice, Italy",1,128-1.jpg,128-2.jpg,128-3.jpg,128-4.jpg,128-5.jpg,2026-02-11,2026-12-31,"[""무선인터넷"",""욕실용품"",""에어컨"",""드라이기"",""욕조"",""TV"",""개인콘센트""]","[""레스토랑"",""피트니스"",""엘리베이터"",""라운지"",""실내수영장"",""편의점""]","[""카드결제"",""조식제공"",""무료주차""]"
129,베네치아 씨 브리즈 호텔,Italy,Venice,GuestHouse,"Santa Croce 1105, 30135 Venice, Italy",1,129-1.jpg,129-2.jpg,129-3.jpg,129-4.jpg,129-5.jpg,2026-02-02,2026-12-31,"[""무선인터넷"",""욕실용품"",""에어컨"",""샤워실"",""TV"",""드라이기""]","[""엘리베이터"",""라운지"",""편의점"",""레스토랑"",""바""]","[""카드결제"",""스프링클러"",""조식제공""]"
130,베네치아 골드 카날 호텔,Italy,Venice,Hotel,"San Polo 1451, 30125 Venice, Italy",1,130-1.jpg,130-2.jpg,130-3.jpg,130-4.jpg,130-5.jpg,2026-02-18,2026-12-31,"[""무선인터넷"",""욕실용품"",""에어컨"",""드라이기"",""전기주전자"",""TV"",""냉장고""]","[""라운지"",""엘리베이터"",""레스토랑"",""피트니스"",""바""]","[""카드결제"",""짐보관가능"",""무료주차""]"
131,베네치아 클래식 하버 호텔,Italy,Venice,Condo,"Giudecca 33, 30133 Venice, Italy",0,131-1.jpg,131-2.jpg,131-3.jpg,131-4.jpg,131-5.jpg,2026-02-09,2026-12-31,"[""무선인터넷"",""샤워실"",""에어컨"",""드라이기"",""TV"",""전기주전자"",""금연""]","[""레스토랑"",""라운지"",""엘리베이터"",""편의점"",""건조기"",""비즈니스센터""]","[""카드결제"",""무료주차"",""조식제공""]"
132,베네치아 라군 선셋 호텔,Italy,Venice,Resort,"Fondamenta Nuove, Cannaregio 5039, 30121 Venice, Italy",1,132-1.jpg,132-2.jpg,132-3.jpg,132-4.jpg,132-5.jpg,2026-02-24,2026-12-31,"[""무선인터넷"",""욕조"",""에어컨"",""샤워실"",""TV"",""드라이기"",""전기주전자""]","[""피트니스"",""레스토랑"",""야외수영장"",""라운지"",""바"",""엘리베이터""]","[""카드결제"",""조식제공"",""짐보관가능""]"
133,파리 에펠 뷰 호텔,France,Paris,Hotel,"5 Avenue Anatole France, 75007 Paris, France",1,133-1.jpg,133-2.jpg,133-3.jpg,133-4.jpg,133-5.jpg,2026-02-06,2026-12-31,"[""무선인터넷"",""욕실용품"",""샤워실"",""드라이기"",""전기주전자"",""TV"",""냉장고""]","[""레스토랑"",""피트니스"",""바"",""라운지"",""엘리베이터"",""비즈니스센터"",""편의점""]","[""카드결제"",""조식제공"",""무료주차"",""짐보관가능""]"
134,파리 루브르 센터 호텔,France,Paris,Hotel,"Place du Louvre, 75001 Paris, France",0,134-1.jpg,134-2.jpg,134-3.jpg,134-4.jpg,134-5.jpg,2026-02-14,2026-12-31,"[""무선인터넷"",""샤워실"",""에어컨"",""욕조"",""금연"",""냉장고"",""개인콘센트""]","[""엘리베이터"",""편의점"",""레스토랑"",""피트니스"",""바"",""비즈니스센터"",""사우나""]","[""카드결제"",""조식제공"",""스프링클러""]"
135,파리 샹젤리제 프리미어 호텔,France,Paris,Hotel,"8 Rue Scribe, 75009 Paris, France",1,135-1.jpg,135-2.jpg,135-3.jpg,135-4.jpg,135-5.jpg,2026-02-20,2026-12-31,"[""무선인터넷"",""샤워실"",""욕실용품"",""드라이기"",""에어컨"",""개인콘센트"",""욕조"",""TV""]","[""사우나"",""피트니스"",""레스토랑"",""바"",""비즈니스센터"",""실내수영장""]","[""조식제공"",""무료주차"",""스프링클러"",""카드결제""]"
136,파리 몽마르트 트래블 호텔,France,Paris,Hotel,"33 Avenue des Champs-Élysées, 75008 Paris, France",0,136-1.jpg,136-2.jpg,136-3.jpg,136-4.jpg,136-5.jpg,2026-02-11,2026-12-31,"[""무선인터넷"",""샤워실"",""금연"",""냉장고"",""TV"",""욕실용품"",""에어컨""]","[""라운지"",""엘리베이터"",""편의점"",""건조기"",""레스토랑"",""사우나""]","[""개인사물함"",""카드결제"",""스프링클러""]"
137,파리 노트르담 리버 뷰 호텔,France,Paris,Hotel,"6 Place des Vosges, 75004 Paris, France",0,137-1.jpg,137-2.jpg,137-3.jpg,137-4.jpg,137-5.jpg,2026-02-02,2026-12-31,"[""무선인터넷"",""욕실용품"",""샤워실"",""전기주전자"",""에어컨"",""TV""]","[""실내수영장"",""레스토랑"",""라운지"",""편의점"",""비즈니스센터"",""사우나"",""탈수기""]","[""조식제공"",""무료주차"",""카드결제""]"
138,파리 센강 프레스티지 호텔,France,Paris,Hotel,"10 Boulevard Montmartre, 75009 Paris, France",1,138-1.jpg,138-2.jpg,138-3.jpg,138-4.jpg,138-5.jpg,2026-02-18,2026-12-31,"[""무선인터넷"",""욕조"",""TV"",""냉장고"",""개인콘센트"",""욕실용품"",""드라이기""]","[""레스토랑"",""바"",""실내수영장"",""피트니스"",""사우나"",""라운지""]","[""카드결제"",""무료주차"",""스프링클러"",""짐보관가능""]"
139,파리 라데팡스 스테이 호텔,France,Paris,Hotel,"12 Rue de Rivoli, 75004 Paris, France",0,139-1.jpg,139-2.jpg,139-3.jpg,139-4.jpg,139-5.jpg,2026-02-09,2026-12-31,"[""무선인터넷"",""샤워실"",""냉장고"",""전기주전자"",""금연"",""TV""]","[""엘리베이터"",""피트니스"",""레스토랑"",""바"",""편의점"",""건조기""]","[""조식제공"",""카드결제"",""스프링클러""]"
140,파리 오페라 하우스 클래식 호텔,France,Paris,Hotel,"1 Place de la Concorde, 75008 Paris, France",1,140-1.jpg,140-2.jpg,140-3.jpg,140-4.jpg,140-5.jpg,2026-02-24,2026-12-31,"[""무선인터넷"",""샤워실"",""냉장고"",""전기주전자"",""욕실용품"",""드라이기"",""개인콘센트""]","[""레스토랑"",""라운지"",""비즈니스센터"",""편의점"",""바베큐"",""피트니스""]","[""무료주차"",""카드결제"",""조식제공""]"
