m_code,m_email,m_pw,m_phone,m_birth,m_gender,m_nickName,m_coupon,m_regDate,m_is_deleted,deleted_at
1,user1@naver.com,$2a$10$xc9fFZ1MS.KLxzswXTT0.un8brEmJr0XCjCj4ZoDbK5UMmZykTcYm,1000000001,1988-04-12,1,user1,1,2025-10-01 12:49,0,
2,user2@naver.com,$2a$10$xc9fFZ1MS.KLxzswXTT0.un8brEmJr0XCjCj4ZoDbK5UMmZykTcYm,1000000002,1995-09-30,1,user2,1,2025-10-01 12:49,0,
3,user3@naver.com,$2a$10$xc9fFZ1MS.KLxzswXTT0.un8brEmJr0XCjCj4ZoDbK5UMmZykTcYm,1000000003,2001-01-21,1,user3,1,2025-10-01 12:49,0,
4,user4@naver.com,$2a$10$xc9fFZ1MS.KLxzswXTT0.un8brEmJr0XCjCj4ZoDbK5UMmZykTcYm,1000000004,1978-07-05,0,user4,1,2025-10-01 12:49,0,
5,user5@naver.com,$2a$10$xc9fFZ1MS.KLxzswXTT0.un8brEmJr0XCjCj4ZoDbK5UMmZykTcYm,1000000005,1983-11-17,1,user5,1,2025-10-01 12:49,1,2026-03-07 12:49
6,user6@naver.com,$2a$10$xc9fFZ1MS.KLxzswXTT0.un8brEmJr0XCjCj4ZoDbK5UMmZykTcYm,1000000006,1999-06-02,0,user6,1,2025-10-01 12:49,0,
7,user7@naver.com,$2a$10$xc9fFZ1MS.KLxzswXTT0.un8brEmJr0XCjCj4ZoDbK5UMmZykTcYm,1000000007,2005-12-25,1,user7,1,2025-10-01 12:49,0,
8,user8@naver.com,$2a$10$xc9fFZ1MS.KLxzswXTT0.un8brEmJr0XCjCj4ZoDbK5UMmZykTcYm,1000000008,1972-03-14,0,user8,1,2025-10-01 12:49,0,
9,user9@naver.com,$2a$10$xc9fFZ1MS.KLxzswXTT0.un8brEmJr0XCjCj4ZoDbK5UMmZykTcYm,1000000009,1989-08-09,0,user9,1,2025-10-01 12:49,0,
10,user10@naver.com,$2a$10$xc9fFZ1MS.KLxzswXTT0.un8brEmJr0XCjCj4ZoDbK5UMmZykTcYm,1000000010,1993-02-27,1,user10,1,2025-10-01 12:49,0,
11,user11@naver.com,$2a$10$xc9fFZ1MS.KLxzswXTT0.un8brEmJr0XCjCj4ZoDbK5UMmZykTcYm,1000000011,1980-05-18,1,user11,1,2025-10-01 12:49,0,
12,user12@naver.com,$2a$10$xc9fFZ1MS.KLxzswXTT0.un8brEmJr0XCjCj4ZoDbK5UMmZykTcYm,1000000012,2002-10-03,1,user12,1,2025-10-01 12:49,1,2026-02-26 12:49
13,user13@naver.com,$2a$10$xc9fFZ1MS.KLxzswXTT0.un8brEmJr0XCjCj4ZoDbK5UMmZykTcYm,1000000013,1997-01-15,0,user13,1,2025-10-01 12:49,0,
14,user14@naver.com,$2a$10$xc9fFZ1MS.KLxzswXTT0.un8brEmJr0XCjCj4ZoDbK5UMmZykTcYm,1000000014,1986-09-21,0,user14,1,2025-10-01 12:49,0,
15,user15@naver.com,$2a$10$xc9fFZ1MS.KLxzswXTT0.un8brEmJr0XCjCj4ZoDbK5UMmZykTcYm,1000000015,2004-04-07,1,user15,1,2025-10-01 12:49,0,
16,user16@naver.com,$2a$10$xc9fFZ1MS.KLxzswXTT0.un8brEmJr0XCjCj4ZoDbK5UMmZykTcYm,1000000016,1975-12-19,0,user16,1,2025-10-01 12:49,0,
17,user17@naver.com,$2a$10$xc9fFZ1MS.KLxzswXTT0.un8brEmJr0XCjCj4ZoDbK5UMmZykTcYm,1000000017,1991-03-28,0,user17,1,2025-10-01 12:49,0,
18,user18@naver.com,$2a$10$xc9fFZ1MS.KLxzswXTT0.un8brEmJr0XCjCj4ZoDbK5UMmZykTcYm,1000000018,1982-06-11,1,user18,1,2025-10-01 12:49,1,2026-03-01 12:49
19,user19@naver.com,$2a$10$xc9fFZ1MS.KLxzswXTT0.un8brEmJr0XCjCj4ZoDbK5UMmZykTcYm,1000000019,2000-08-23,1,user19,1,2025-10-01 12:49,0,
20,user20@naver.com,$2a$10$xc9fFZ1MS.KLxzswXTT0.un8brEmJr0XCjCj4ZoDbK5UMmZykTcYm,1000000020,1996-11-05,0,user20,1,2025-10-01 12:49,0,
21,user21@naver.com,$2a$10$xc9fFZ1MS.KLxzswXTT0.un8brEmJr0XCjCj4ZoDbK5UMmZykTcYm,1000000021,1987-02-14,1,user21,1,2025-10-01 12:49,0,
22,user22@naver.com,$2a$10$xc9fFZ1MS.KLxzswXTT0.un8brEmJr0XCjCj4ZoDbK5UMmZykTcYm,1000000022,2003-07-30,1,user22,1,2025-10-01 12:49,0,
23,user23@naver.com,$2a$10$xc9fFZ1MS.KLxzswXTT0.un8brEmJr0XCjCj4ZoDbK5UMmZykTcYm,1000000023,1979-01-09,1,user23,1,2025-10-01 12:49,1,2026-03-20 12:49
24,user24@naver.com,$2a$10$xc9fFZ1MS.KLxzswXTT0.un8brEmJr0XCjCj4ZoDbK5UMmZykTcYm,1000000024,1998-10-19,0,user24,1,2025-10-01 12:49,0,
25,user25@naver.com,$2a$10$xc9fFZ1MS.KLxzswXTT0.un8brEmJr0XCjCj4ZoDbK5UMmZykTcYm,1000000025,1984-06-25,0,user25,1,2025-10-01 12:49,0,
26,user26@naver.com,$2a$10$xc9fFZ1MS.KLxzswXTT0.un8brEmJr0XCjCj4ZoDbK5UMmZykTcYm,1000000026,2001-03-03,1,user26,1,2025-10-01 12:49,0,
27,user27@naver.com,$2a$10$xc9fFZ1MS.KLxzswXTT0.un8brEmJr0XCjCj4ZoDbK5UMmZykTcYm,1000000027,1992-12-08,0,user27,1,2025-10-01 12:49,1,2026-02-28 12:49
28,user28@naver.com,$2a$10$xc9fFZ1MS.KLxzswXTT0.un8brEmJr0XCjCj4ZoDbK5UMmZykTcYm,1000000028,1973-05-27,0,user28,1,2025-10-01 12:49,0,
29,user29@naver.com,$2a$10$xc9fFZ1MS.KLxzswXTT0.un8brEmJr0XCjCj4ZoDbK5UMmZykTcYm,1000000029,1985-09-12,1,user29,1,2025-10-01 12:49,0,
30,user30@naver.com,$2a$10$xc9fFZ1MS.KLxzswXTT0.un8brEmJr0XCjCj4ZoDbK5UMmZykTcYm,1000000030,2004-02-20,1,user30,1,2025-10-01 12:49,0,
31,user31@naver.com,$2a$10$xc9fFZ1MS.KLxzswXTT0.un8brEmJr0XCjCj4ZoDbK5UMmZykTcYm,1000000031,1994-11-29,0,user31,1,2025-10-01 12:49,1,2026-03-14 12:49
32,user32@naver.com,$2a$10$xc9fFZ1MS.KLxzswXTT0.un8brEmJr0XCjCj4ZoDbK5UMmZykTcYm,1000000032,1981-04-16,1,user32,1,2025-10-01 12:49,0,
33,user33@naver.com,$2a$10$xc9fFZ1MS.KLxzswXTT0.un8brEmJr0XCjCj4ZoDbK5UMmZykTcYm,1000000033,1990-07-07,1,user33,1,2025-10-01 12:49,0,
34,user34@naver.com,$2a$10$xc9fFZ1MS.KLxzswXTT0.un8brEmJr0XCjCj4ZoDbK5UMmZykTcYm,1000000034,2002-12-01,0,user34,1,2025-10-01 12:49,0,
35,user35@naver.com,$2a$10$xc9fFZ1MS.KLxzswXTT0.un8brEmJr0XCjCj4ZoDbK5UMmZykTcYm,1000000035,1976-08-13,1,user35,1,2025-10-01 12:49,0,
36,user36@naver.com,$2a$10$xc9fFZ1MS.KLxzswXTT0.un8brEmJr0XCjCj4ZoDbK5UMmZykTcYm,1000000036,1989-01-22,0,user36,1,2025-10-01 12:49,1,2026-03-18 12:49
37,user37@naver.com,$2a$10$xc9fFZ1MS.KLxzswXTT0.un8brEmJr0XCjCj4ZoDbK5UMmZykTcYm,1000000037,1997-05-10,1,user37,1,2025-10-01 12:49,0,
38,user38@naver.com,$2a$10$xc9fFZ1MS.KLxzswXTT0.un8brEmJr0XCjCj4ZoDbK5UMmZykTcYm,1000000038,1983-09-04,0,user38,1,2025-10-01 12:49,0,
39,user39@naver.com,$2a$10$xc9fFZ1MS.KLxzswXTT0.un8brEmJr0XCjCj4ZoDbK5UMmZykTcYm,1000000039,2000-06-18,0,user39,1,2025-11-01 12:49,0,
40,user40@naver.com,$2a$10$xc9fFZ1MS.KLxzswXTT0.un8brEmJr0XCjCj4ZoDbK5UMmZykTcYm,1000000040,1974-10-26,0,user40,1,2025-11-01 12:49,0,
41,user41@naver.com,$2a$10$xc9fFZ1MS.KLxzswXTT0.un8brEmJr0XCjCj4ZoDbK5UMmZykTcYm,1000000041,1986-03-11,1,user41,1,2025-11-01 12:49,0,
42,user42@naver.com,$2a$10$xc9fFZ1MS.KLxzswXTT0.un8brEmJr0XCjCj4ZoDbK5UMmZykTcYm,1000000042,1993-07-19,0,user42,1,2025-11-01 12:49,1,2026-03-05 12:49
43,user43@naver.com,$2a$10$xc9fFZ1MS.KLxzswXTT0.un8brEmJr0XCjCj4ZoDbK5UMmZykTcYm,1000000043,2005-01-05,1,user43,1,2025-11-01 12:49,0,
44,user44@naver.com,$2a$10$xc9fFZ1MS.KLxzswXTT0.un8brEmJr0XCjCj4ZoDbK5UMmZykTcYm,1000000044,1971-12-30,0,user44,1,2025-11-01 12:49,0,
45,user45@naver.com,$2a$10$xc9fFZ1MS.KLxzswXTT0.un8brEmJr0XCjCj4ZoDbK5UMmZykTcYm,1000000045,1999-04-08,1,user45,1,2025-11-01 12:49,0,
46,user46@naver.com,$2a$10$xc9fFZ1MS.KLxzswXTT0.un8brEmJr0XCjCj4ZoDbK5UMmZykTcYm,1000000046,1982-08-21,1,user46,1,2025-11-01 12:49,0,
47,user47@naver.com,$2a$10$xc9fFZ1MS.KLxzswXTT0.un8brEmJr0XCjCj4ZoDbK5UMmZykTcYm,1000000047,1991-10-02,0,user47,1,2025-11-01 12:49,1,2026-03-10 12:49
48,user48@naver.com,$2a$10$xc9fFZ1MS.KLxzswXTT0.un8brEmJr0XCjCj4ZoDbK5UMmZykTcYm,1000000048,2003-06-14,0,user48,1,2025-11-01 12:49,0,
49,user49@naver.com,$2a$10$xc9fFZ1MS.KLxzswXTT0.un8brEmJr0XCjCj4ZoDbK5UMmZykTcYm,1000000049,1987-11-23,0,user49,1,2025-11-01 12:49,0,
50,user50@naver.com,$2a$10$xc9fFZ1MS.KLxzswXTT0.un8brEmJr0XCjCj4ZoDbK5UMmZykTcYm,1000000050,1995-05-09,1,user50,1,2025-11-01 12:49,0,
51,user51@naver.com,$2a$10$xc9fFZ1MS.KLxzswXTT0.un8brEmJr0XCjCj4ZoDbK5UMmZykTcYm,1000000051,1984-03-12,0,user51,1,2025-11-01 12:49,0,
52,user52@naver.com,$2a$10$xc9fFZ1MS.KLxzswXTT0.un8brEmJr0XCjCj4ZoDbK5UMmZykTcYm,1000000052,1999-07-28,1,user52,1,2025-11-01 12:49,0,
53,user53@naver.com,$2a$10$xc9fFZ1MS.KLxzswXTT0.un8brEmJr0XCjCj4ZoDbK5UMmZykTcYm,1000000053,2002-11-03,1,user53,1,2025-11-01 12:49,1,2026-03-08 12:49
54,user54@naver.com,$2a$10$xc9fFZ1MS.KLxzswXTT0.un8brEmJr0XCjCj4ZoDbK5UMmZykTcYm,1000000054,1978-05-19,0,user54,1,2025-11-01 12:49,0,
55,user55@naver.com,$2a$10$xc9fFZ1MS.KLxzswXTT0.un8brEmJr0XCjCj4ZoDbK5UMmZykTcYm,1000000055,1989-09-10,1,user55,1,2025-11-01 12:49,0,
56,user56@naver.com,$2a$10$xc9fFZ1MS.KLxzswXTT0.un8brEmJr0XCjCj4ZoDbK5UMmZykTcYm,1000000056,1994-01-25,0,user56,1,2025-11-01 12:49,0,
57,user57@naver.com,$2a$10$xc9fFZ1MS.KLxzswXTT0.un8brEmJr0XCjCj4ZoDbK5UMmZykTcYm,1000000057,2005-12-01,1,user57,1,2025-11-01 12:49,0,
58,user58@naver.com,$2a$10$xc9fFZ1MS.KLxzswXTT0.un8brEmJr0XCjCj4ZoDbK5UMmZykTcYm,1000000058,1973-08-14,0,user58,1,2025-11-01 12:49,0,
59,user59@naver.com,$2a$10$xc9fFZ1MS.KLxzswXTT0.un8brEmJr0XCjCj4ZoDbK5UMmZykTcYm,1000000059,1986-04-06,1,user59,1,2025-11-01 12:49,1,2026-03-19 12:49
60,user60@naver.com,$2a$10$xc9fFZ1MS.KLxzswXTT0.un8brEmJr0XCjCj4ZoDbK5UMmZykTcYm,1000000060,1991-10-22,0,user60,1,2025-11-01 12:49,0,
61,user61@naver.com,$2a$10$xc9fFZ1MS.KLxzswXTT0.un8brEmJr0XCjCj4ZoDbK5UMmZykTcYm,1000000061,2000-02-18,1,user61,1,2025-11-01 12:49,0,
62,user62@naver.com,$2a$10$xc9fFZ1MS.KLxzswXTT0.un8brEmJr0XCjCj4ZoDbK5UMmZykTcYm,1000000062,1982-11-09,1,user62,1,2025-11-01 12:49,0,
63,user63@naver.com,$2a$10$xc9fFZ1MS.KLxzswXTT0.un8brEmJr0XCjCj4ZoDbK5UMmZykTcYm,1000000063,1997-06-30,0,user63,1,2025-11-01 12:49,0,
64,user64@naver.com,$2a$10$xc9fFZ1MS.KLxzswXTT0.un8brEmJr0XCjCj4ZoDbK5UMmZykTcYm,1000000064,1976-01-17,0,user64,1,2025-11-01 12:49,1,2026-03-16 12:49
65,user65@naver.com,$2a$10$xc9fFZ1MS.KLxzswXTT0.un8brEmJr0XCjCj4ZoDbK5UMmZykTcYm,1000000065,1988-05-05,0,user65,1,2025-11-01 12:49,0,
66,user66@naver.com,$2a$10$xc9fFZ1MS.KLxzswXTT0.un8brEmJr0XCjCj4ZoDbK5UMmZykTcYm,1000000066,1993-09-26,0,user66,1,2025-11-01 12:49,0,
67,user67@naver.com,$2a$10$xc9fFZ1MS.KLxzswXTT0.un8brEmJr0XCjCj4ZoDbK5UMmZykTcYm,1000000067,2004-03-08,1,user67,1,2025-11-01 12:49,0,
68,user68@naver.com,$2a$10$xc9fFZ1MS.KLxzswXTT0.un8brEmJr0XCjCj4ZoDbK5UMmZykTcYm,1000000068,1971-07-21,0,user68,1,2025-11-01 12:49,0,
69,user69@naver.com,$2a$10$xc9fFZ1MS.KLxzswXTT0.un8brEmJr0XCjCj4ZoDbK5UMmZykTcYm,1000000069,1985-12-12,1,user69,1,2025-11-01 12:49,0,
70,user70@naver.com,$2a$10$xc9fFZ1MS.KLxzswXTT0.un8brEmJr0XCjCj4ZoDbK5UMmZykTcYm,1000000070,1990-08-29,0,user70,1,2025-11-01 12:49,0,
71,user71@naver.com,$2a$10$xc9fFZ1MS.KLxzswXTT0.un8brEmJr0XCjCj4ZoDbK5UMmZykTcYm,1000000071,2003-04-11,1,user71,1,2025-11-01 12:49,1,2026-03-05 12:49
72,user72@naver.com,$2a$10$xc9fFZ1MS.KLxzswXTT0.un8brEmJr0XCjCj4ZoDbK5UMmZykTcYm,1000000072,1979-10-01,0,user72,1,2025-11-01 12:49,0,
73,user73@naver.com,$2a$10$xc9fFZ1MS.KLxzswXTT0.un8brEmJr0XCjCj4ZoDbK5UMmZykTcYm,1000000073,1987-02-23,1,user73,1,2025-12-01 12:49,0,
74,user74@naver.com,$2a$10$xc9fFZ1MS.KLxzswXTT0.un8brEmJr0XCjCj4ZoDbK5UMmZykTcYm,1000000074,1996-06-15,0,user74,1,2025-12-01 12:49,0,
75,user75@naver.com,$2a$10$xc9fFZ1MS.KLxzswXTT0.un8brEmJr0XCjCj4ZoDbK5UMmZykTcYm,1000000075,2001-01-02,1,user75,1,2025-12-01 12:49,0,
76,user76@naver.com,$2a$10$xc9fFZ1MS.KLxzswXTT0.un8brEmJr0XCjCj4ZoDbK5UMmZykTcYm,1000000076,1980-12-24,0,user76,1,2025-12-01 12:49,0,
77,user77@naver.com,$2a$10$xc9fFZ1MS.KLxzswXTT0.un8brEmJr0XCjCj4ZoDbK5UMmZykTcYm,1000000077,1992-07-07,1,user77,1,2025-12-01 12:49,0,
78,user78@naver.com,$2a$10$xc9fFZ1MS.KLxzswXTT0.un8brEmJr0XCjCj4ZoDbK5UMmZykTcYm,1000000078,1974-05-28,1,user78,1,2025-12-01 12:49,1,2026-03-12 12:49
79,user79@naver.com,$2a$10$xc9fFZ1MS.KLxzswXTT0.un8brEmJr0XCjCj4ZoDbK5UMmZykTcYm,1000000079,1989-11-16,0,user79,1,2025-12-01 12:49,0,
80,user80@naver.com,$2a$10$xc9fFZ1MS.KLxzswXTT0.un8brEmJr0XCjCj4ZoDbK5UMmZykTcYm,1000000080,1998-03-03,0,user80,1,2025-12-01 12:49,0,
81,user81@naver.com,$2a$10$xc9fFZ1MS.KLxzswXTT0.un8brEmJr0XCjCj4ZoDbK5UMmZykTcYm,1000000081,2004-09-09,1,user81,1,2025-12-01 12:49,0,
82,user82@naver.com,$2a$10$xc9fFZ1MS.KLxzswXTT0.un8brEmJr0XCjCj4ZoDbK5UMmZykTcYm,1000000082,1972-02-20,0,user82,1,2025-12-01 12:49,1,2026-03-11 12:49
83,user83@naver.com,$2a$10$xc9fFZ1MS.KLxzswXTT0.un8brEmJr0XCjCj4ZoDbK5UMmZykTcYm,1000000083,1986-07-31,1,user83,1,2025-12-01 12:49,0,
84,user84@naver.com,$2a$10$xc9fFZ1MS.KLxzswXTT0.un8brEmJr0XCjCj4ZoDbK5UMmZykTcYm,1000000084,1991-12-13,0,user84,1,2025-12-01 12:49,0,
85,user85@naver.com,$2a$10$xc9fFZ1MS.KLxzswXTT0.un8brEmJr0XCjCj4ZoDbK5UMmZykTcYm,1000000085,2000-06-26,1,user85,1,2025-12-01 12:49,0,
86,user86@naver.com,$2a$10$xc9fFZ1MS.KLxzswXTT0.un8brEmJr0XCjCj4ZoDbK5UMmZykTcYm,1000000086,1983-01-19,0,user86,1,2025-12-01 12:49,0,
87,user87@naver.com,$2a$10$xc9fFZ1MS.KLxzswXTT0.un8brEmJr0XCjCj4ZoDbK5UMmZykTcYm,1000000087,1995-08-04,1,user87,1,2025-12-01 12:49,0,
88,user88@naver.com,$2a$10$xc9fFZ1MS.KLxzswXTT0.un8brEmJr0XCjCj4ZoDbK5UMmZykTcYm,1000000088,1977-04-30,0,user88,1,2025-12-01 12:49,0,
89,user89@naver.com,$2a$10$xc9fFZ1MS.KLxzswXTT0.un8brEmJr0XCjCj4ZoDbK5UMmZykTcYm,1000000089,1988-10-22,1,user89,1,2025-12-01 12:49,0,
90,user90@naver.com,$2a$10$xc9fFZ1MS.KLxzswXTT0.un8brEmJr0XCjCj4ZoDbK5UMmZykTcYm,1000000090,1999-02-14,0,user90,1,2025-12-01 12:49,0,
91,user91@naver.com,$2a$10$xc9fFZ1MS.KLxzswXTT0.un8brEmJr0XCjCj4ZoDbK5UMmZykTcYm,1000000091,2003-05-18,0,user91,1,2025-12-01 12:49,0,
92,user92@naver.com,$2a$10$xc9fFZ1MS.KLxzswXTT0.un8brEmJr0XCjCj4ZoDbK5UMmZykTcYm,1000000092,1975-09-07,0,user92,1,2025-12-01 12:49,0,
93,user93@naver.com,$2a$10$xc9fFZ1MS.KLxzswXTT0.un8brEmJr0XCjCj4ZoDbK5UMmZykTcYm,1000000093,1981-03-27,1,user93,1,2025-12-01 12:49,0,
94,user94@naver.com,$2a$10$xc9fFZ1MS.KLxzswXTT0.un8brEmJr0XCjCj4ZoDbK5UMmZykTcYm,1000000094,1994-11-11,0,user94,1,2025-12-01 12:49,0,
95,user95@naver.com,$2a$10$xc9fFZ1MS.KLxzswXTT0.un8brEmJr0XCjCj4ZoDbK5UMmZykTcYm,1000000095,2001-07-02,1,user95,1,2025-12-01 12:49,1,2026-02-21 12:49
96,user96@naver.com,$2a$10$xc9fFZ1MS.KLxzswXTT0.un8brEmJr0XCjCj4ZoDbK5UMmZykTcYm,1000000096,1978-12-05,0,user96,1,2025-12-01 12:49,0,
97,user97@naver.com,$2a$10$xc9fFZ1MS.KLxzswXTT0.un8brEmJr0XCjCj4ZoDbK5UMmZykTcYm,1000000097,1987-06-09,1,user97,1,2025-12-01 12:49,0,
98,user98@naver.com,$2a$10$xc9fFZ1MS.KLxzswXTT0.un8brEmJr0XCjCj4ZoDbK5UMmZykTcYm,1000000098,1996-01-30,1,user98,1,2025-12-01 12:49,0,
99,user99@naver.com,$2a$10$xc9fFZ1MS.KLxzswXTT0.un8brEmJr0XCjCj4ZoDbK5UMmZykTcYm,1000000099,2005-10-12,0,user99,1,2025-12-01 12:49,0,
100,user100@naver.com,$2a$10$xc9fFZ1MS.KLxzswXTT0.un8brEmJr0XCjCj4ZoDbK5UMmZykTcYm,1000000100,1992-04-25,0,user100,1,2025-12-01 12:49,0,
101,user101@naver.com,$2a$10$xc9fFZ1MS.KLxzswXTT0.un8brEmJr0XCjCj4ZoDbK5UMmZykTcYm,1000000103,1985-03-14,1,nickname101,1,2025-12-01 12:49,1,2026-03-20 12:49
102,user102@naver.com,$2a$10$xc9fFZ1MS.KLxzswXTT0.un8brEmJr0XCjCj4ZoDbK5UMmZykTcYm,1000000104,1992-07-21,0,nickname102,1,2025-12-01 12:49,0,
103,user103@naver.com,$2a$10$xc9fFZ1MS.KLxzswXTT0.un8brEmJr0XCjCj4ZoDbK5UMmZykTcYm,1000000105,2001-11-05,1,nickname103,1,2025-12-01 12:49,0,
104,user104@naver.com,$2a$10$xc9fFZ1MS.KLxzswXTT0.un8brEmJr0XCjCj4ZoDbK5UMmZykTcYm,1000000106,1978-06-30,1,nickname104,1,2025-12-01 12:49,0,
105,user105@naver.com,$2a$10$xc9fFZ1MS.KLxzswXTT0.un8brEmJr0XCjCj4ZoDbK5UMmZykTcYm,1000000107,1999-12-11,1,nickname105,1,2025-12-01 12:49,0,
106,user106@naver.com,$2a$10$xc9fFZ1MS.KLxzswXTT0.un8brEmJr0XCjCj4ZoDbK5UMmZykTcYm,1000000108,1983-01-25,0,nickname106,1,2025-12-01 12:49,0,
107,user107@naver.com,$2a$10$xc9fFZ1MS.KLxzswXTT0.un8brEmJr0XCjCj4ZoDbK5UMmZykTcYm,1000000109,2005-04-17,1,nickname107,1,2025-12-01 12:49,0,
108,user108@naver.com,$2a$10$xc9fFZ1MS.KLxzswXTT0.un8brEmJr0XCjCj4ZoDbK5UMmZykTcYm,1000000110,1990-09-09,0,nickname108,1,2025-12-01 12:49,0,
109,user109@naver.com,$2a$10$xc9fFZ1MS.KLxzswXTT0.un8brEmJr0XCjCj4ZoDbK5UMmZykTcYm,1000000111,1975-02-13,1,nickname109,1,2025-12-01 12:49,1,2026-03-15 12:49
110,user110@naver.com,$2a$10$xc9fFZ1MS.KLxzswXTT0.un8brEmJr0XCjCj4ZoDbK5UMmZykTcYm,1000000112,2003-08-22,0,nickname110,1,2025-12-01 12:49,0,
111,user111@naver.com,$2a$10$xc9fFZ1MS.KLxzswXTT0.un8brEmJr0XCjCj4ZoDbK5UMmZykTcYm,1000000113,1988-10-01,0,nickname111,1,2025-12-01 12:49,0,
112,user112@naver.com,$2a$10$xc9fFZ1MS.KLxzswXTT0.un8brEmJr0XCjCj4ZoDbK5UMmZykTcYm,1000000114,1996-05-19,1,nickname112,1,2025-12-01 12:49,0,
113,user113@naver.com,$2a$10$xc9fFZ1MS.KLxzswXTT0.un8brEmJr0XCjCj4ZoDbK5UMmZykTcYm,1000000115,2002-03-07,1,nickname113,1,2025-12-01 12:49,0,
114,user114@naver.com,$2a$10$xc9fFZ1MS.KLxzswXTT0.un8brEmJr0XCjCj4ZoDbK5UMmZykTcYm,1000000116,1973-11-28,0,nickname114,1,2025-12-01 12:49,0,
115,user115@naver.com,$2a$10$xc9fFZ1MS.KLxzswXTT0.un8brEmJr0XCjCj4ZoDbK5UMmZykTcYm,1000000117,1981-07-04,1,nickname115,1,2025-12-01 12:49,1,2026-03-17 12:49
116,user116@naver.com,$2a$10$xc9fFZ1MS.KLxzswXTT0.un8brEmJr0XCjCj4ZoDbK5UMmZykTcYm,1000000118,1994-12-30,0,nickname116,1,2025-12-01 12:49,0,
117,user117@naver.com,$2a$10$xc9fFZ1MS.KLxzswXTT0.un8brEmJr0XCjCj4ZoDbK5UMmZykTcYm,1000000119,2000-06-16,0,nickname117,1,2025-12-01 12:49,0,
118,user118@naver.com,$2a$10$xc9fFZ1MS.KLxzswXTT0.un8brEmJr0XCjCj4ZoDbK5UMmZykTcYm,1000000120,1986-09-23,0,nickname118,1,2025-12-01 12:49,0,
119,user119@naver.com,$2a$10$xc9fFZ1MS.KLxzswXTT0.un8brEmJr0XCjCj4ZoDbK5UMmZykTcYm,1000000121,1979-04-12,0,nickname119,1,2025-12-01 12:49,0,
120,user120@naver.com,$2a$10$xc9fFZ1MS.KLxzswXTT0.un8brEmJr0XCjCj4ZoDbK5UMmZykTcYm,1000000122,2004-01-08,0,nickname120,1,2025-12-01 12:49,0,
121,user121@naver.com,$2a$10$xc9fFZ1MS.KLxzswXTT0.un8brEmJr0XCjCj4ZoDbK5UMmZykTcYm,1000000123,1991-03-15,1,nickname121,1,2025-12-01 12:49,0,
122,user122@naver.com,$2a$10$xc9fFZ1MS.KLxzswXTT0.un8brEmJr0XCjCj4ZoDbK5UMmZykTcYm,1000000124,1987-10-19,0,nickname122,1,2025-12-01 12:49,0,
123,user123@naver.com,$2a$10$xc9fFZ1MS.KLxzswXTT0.un8brEmJr0XCjCj4ZoDbK5UMmZykTcYm,1000000125,2005-02-02,1,nickname123,1,2025-12-01 12:49,1,2026-03-13 12:49
124,user124@naver.com,$2a$10$xc9fFZ1MS.KLxzswXTT0.un8brEmJr0XCjCj4ZoDbK5UMmZykTcYm,1000000126,1976-06-25,0,nickname124,1,2025-12-01 12:49,0,
125,user125@naver.com,$2a$10$xc9fFZ1MS.KLxzswXTT0.un8brEmJr0XCjCj4ZoDbK5UMmZykTcYm,1000000127,1998-11-11,1,nickname125,1,2025-12-01 12:49,0,
126,user126@naver.com,$2a$10$xc9fFZ1MS.KLxzswXTT0.un8brEmJr0XCjCj4ZoDbK5UMmZykTcYm,1000000128,1984-07-07,1,nickname126,1,2025-12-01 12:49,0,
127,user127@naver.com,$2a$10$xc9fFZ1MS.KLxzswXTT0.un8brEmJr0XCjCj4ZoDbK5UMmZykTcYm,1000000129,2003-05-03,0,nickname127,1,2025-12-01 12:49,0,
128,user128@naver.com,$2a$10$xc9fFZ1MS.KLxzswXTT0.un8brEmJr0XCjCj4ZoDbK5UMmZykTcYm,1000000130,1972-08-18,0,nickname128,1,2025-12-01 12:49,0,
129,user129@naver.com,$2a$10$xc9fFZ1MS.KLxzswXTT0.un8brEmJr0XCjCj4ZoDbK5UMmZykTcYm,1000000131,1997-12-29,1,nickname129,1,2025-12-01 12:49,0,
130,user130@naver.com,$2a$10$xc9fFZ1MS.KLxzswXTT0.un8brEmJr0XCjCj4ZoDbK5UMmZykTcYm,1000000132,1989-09-09,0,nickname130,1,2025-12-01 12:49,0,
131,user131@naver.com,$2a$10$xc9fFZ1MS.KLxzswXTT0.un8brEmJr0XCjCj4ZoDbK5UMmZykTcYm,1000000133,2001-01-01,1,nickname131,1,2025-12-01 12:49,0,
132,user132@naver.com,$2a$10$xc9fFZ1MS.KLxzswXTT0.un8brEmJr0XCjCj4ZoDbK5UMmZykTcYm,1000000134,1982-02-14,0,nickname132,1,2025-12-01 12:49,0,
133,user133@naver.com,$2a$10$xc9fFZ1MS.KLxzswXTT0.un8brEmJr0XCjCj4ZoDbK5UMmZykTcYm,1000000135,1995-03-21,1,nickname133,1,2025-12-01 12:49,0,
134,user134@naver.com,$2a$10$xc9fFZ1MS.KLxzswXTT0.un8brEmJr0XCjCj4ZoDbK5UMmZykTcYm,1000000136,1977-04-10,0,nickname134,1,2025-12-01 12:49,0,
135,user135@naver.com,$2a$10$xc9fFZ1MS.KLxzswXTT0.un8brEmJr0XCjCj4ZoDbK5UMmZykTcYm,1000000137,1993-05-05,1,nickname135,1,2025-12-01 12:49,0,
136,user136@naver.com,$2a$10$xc9fFZ1MS.KLxzswXTT0.un8brEmJr0XCjCj4ZoDbK5UMmZykTcYm,1000000138,2000-06-06,0,nickname136,1,2025-12-01 12:49,0,
137,user137@naver.com,$2a$10$xc9fFZ1MS.KLxzswXTT0.un8brEmJr0XCjCj4ZoDbK5UMmZykTcYm,1000000139,1986-07-17,1,nickname137,1,2025-12-01 12:49,1,2026-02-20 12:49
138,user138@naver.com,$2a$10$xc9fFZ1MS.KLxzswXTT0.un8brEmJr0XCjCj4ZoDbK5UMmZykTcYm,1000000140,1974-08-08,0,nickname138,1,2025-12-01 12:49,0,
139,user139@naver.com,$2a$10$xc9fFZ1MS.KLxzswXTT0.un8brEmJr0XCjCj4ZoDbK5UMmZykTcYm,1000000141,1999-09-19,1,nickname139,1,2025-12-01 12:49,0,
140,user140@naver.com,$2a$10$xc9fFZ1MS.KLxzswXTT0.un8brEmJr0XCjCj4ZoDbK5UMmZykTcYm,1000000142,2002-10-20,0,nickname140,1,2026-01-01 12:49,0,
141,user141@naver.com,$2a$10$xc9fFZ1MS.KLxzswXTT0.un8brEmJr0XCjCj4ZoDbK5UMmZykTcYm,1000000143,1980-11-11,0,nickname141,1,2026-01-01 12:49,0,
142,user142@naver.com,$2a$10$xc9fFZ1MS.KLxzswXTT0.un8brEmJr0XCjCj4ZoDbK5UMmZykTcYm,1000000144,1971-12-12,0,nickname142,1,2026-01-01 12:49,0,
143,user143@naver.com,$2a$10$xc9fFZ1MS.KLxzswXTT0.un8brEmJr0XCjCj4ZoDbK5UMmZykTcYm,1000000145,1994-01-13,1,nickname143,1,2026-01-01 12:49,0,
144,user144@naver.com,$2a$10$xc9fFZ1MS.KLxzswXTT0.un8brEmJr0XCjCj4ZoDbK5UMmZykTcYm,1000000146,1988-02-22,0,nickname144,1,2026-01-01 12:49,1,2026-02-21 12:49
145,user145@naver.com,$2a$10$xc9fFZ1MS.KLxzswXTT0.un8brEmJr0XCjCj4ZoDbK5UMmZykTcYm,1000000147,2005-03-03,1,nickname145,1,2026-01-01 12:49,0,
146,user146@naver.com,$2a$10$xc9fFZ1MS.KLxzswXTT0.un8brEmJr0XCjCj4ZoDbK5UMmZykTcYm,1000000148,1996-04-04,0,nickname146,1,2026-01-01 12:49,0,
147,user147@naver.com,$2a$10$xc9fFZ1MS.KLxzswXTT0.un8brEmJr0XCjCj4ZoDbK5UMmZykTcYm,1000000149,1979-05-15,1,nickname147,1,2026-01-01 12:49,0,
148,user148@naver.com,$2a$10$xc9fFZ1MS.KLxzswXTT0.un8brEmJr0XCjCj4ZoDbK5UMmZykTcYm,1000000150,1983-06-06,0,nickname148,1,2026-01-01 12:49,0,
149,user149@naver.com,$2a$10$xc9fFZ1MS.KLxzswXTT0.un8brEmJr0XCjCj4ZoDbK5UMmZykTcYm,1000000151,2001-07-07,1,nickname149,1,2026-01-01 12:49,0,
150,user150@naver.com,$2a$10$xc9fFZ1MS.KLxzswXTT0.un8brEmJr0XCjCj4ZoDbK5UMmZykTcYm,1000000152,1990-08-08,0,nickname150,1,2026-01-01 12:49,0,
151,user151@naver.com,$2a$10$xc9fFZ1MS.KLxzswXTT0.un8brEmJr0XCjCj4ZoDbK5UMmZykTcYm,1000000153,1987-03-11,1,nickname151,1,2026-01-01 12:49,0,
152,user152@naver.com,$2a$10$xc9fFZ1MS.KLxzswXTT0.un8brEmJr0XCjCj4ZoDbK5UMmZykTcYm,1000000154,1995-07-22,0,nickname152,1,2026-01-01 12:49,1,2026-02-22 12:49
153,user153@naver.com,$2a$10$xc9fFZ1MS.KLxzswXTT0.un8brEmJr0XCjCj4ZoDbK5UMmZykTcYm,1000000155,2001-12-01,0,nickname153,1,2026-01-01 12:49,0,
154,user154@naver.com,$2a$10$xc9fFZ1MS.KLxzswXTT0.un8brEmJr0XCjCj4ZoDbK5UMmZykTcYm,1000000156,1978-06-15,1,nickname154,1,2026-01-01 12:49,0,
155,user155@naver.com,$2a$10$xc9fFZ1MS.KLxzswXTT0.un8brEmJr0XCjCj4ZoDbK5UMmZykTcYm,1000000157,1999-09-09,1,nickname155,1,2026-01-01 12:49,0,
156,user156@naver.com,$2a$10$xc9fFZ1MS.KLxzswXTT0.un8brEmJr0XCjCj4ZoDbK5UMmZykTcYm,1000000158,1984-02-20,0,nickname156,1,2026-01-01 12:49,0,
157,user157@naver.com,$2a$10$xc9fFZ1MS.KLxzswXTT0.un8brEmJr0XCjCj4ZoDbK5UMmZykTcYm,1000000159,2003-04-17,1,nickname157,1,2026-01-01 12:49,0,
158,user158@naver.com,$2a$10$xc9fFZ1MS.KLxzswXTT0.un8brEmJr0XCjCj4ZoDbK5UMmZykTcYm,1000000160,1990-08-08,0,nickname158,1,2026-01-01 12:49,0,
159,user159@naver.com,$2a$10$xc9fFZ1MS.KLxzswXTT0.un8brEmJr0XCjCj4ZoDbK5UMmZykTcYm,1000000161,1975-01-25,0,nickname159,1,2026-01-01 12:49,0,
160,user160@naver.com,$2a$10$xc9fFZ1MS.KLxzswXTT0.un8brEmJr0XCjCj4ZoDbK5UMmZykTcYm,1000000162,2005-10-30,0,nickname160,1,2026-01-01 12:49,0,
161,user161@naver.com,$2a$10$xc9fFZ1MS.KLxzswXTT0.un8brEmJr0XCjCj4ZoDbK5UMmZykTcYm,1000000163,1988-12-12,0,nickname161,1,2026-01-01 12:49,0,
162,user162@naver.com,$2a$10$xc9fFZ1MS.KLxzswXTT0.un8brEmJr0XCjCj4ZoDbK5UMmZykTcYm,1000000164,1996-03-03,0,nickname162,1,2026-01-01 12:49,0,
163,user163@naver.com,$2a$10$xc9fFZ1MS.KLxzswXTT0.un8brEmJr0XCjCj4ZoDbK5UMmZykTcYm,1000000165,2002-05-05,1,nickname163,1,2026-01-01 12:49,0,
164,user164@naver.com,$2a$10$xc9fFZ1MS.KLxzswXTT0.un8brEmJr0XCjCj4ZoDbK5UMmZykTcYm,1000000166,1973-07-19,0,nickname164,1,2026-01-01 12:49,0,
165,user165@naver.com,$2a$10$xc9fFZ1MS.KLxzswXTT0.un8brEmJr0XCjCj4ZoDbK5UMmZykTcYm,1000000167,1981-11-11,1,nickname165,1,2026-01-01 12:49,0,
166,user166@naver.com,$2a$10$xc9fFZ1MS.KLxzswXTT0.un8brEmJr0XCjCj4ZoDbK5UMmZykTcYm,1000000168,1994-06-23,0,nickname166,1,2026-01-01 12:49,0,
167,user167@naver.com,$2a$10$xc9fFZ1MS.KLxzswXTT0.un8brEmJr0XCjCj4ZoDbK5UMmZykTcYm,1000000169,2000-09-09,1,nickname167,1,2026-01-01 12:49,0,
168,user168@naver.com,$2a$10$xc9fFZ1MS.KLxzswXTT0.un8brEmJr0XCjCj4ZoDbK5UMmZykTcYm,1000000170,1986-04-14,0,nickname168,1,2026-01-01 12:49,1,2026-02-28 12:49
169,user169@naver.com,$2a$10$xc9fFZ1MS.KLxzswXTT0.un8brEmJr0XCjCj4ZoDbK5UMmZykTcYm,1000000171,1979-08-27,1,nickname169,1,2026-01-01 12:49,0,
170,user170@naver.com,$2a$10$xc9fFZ1MS.KLxzswXTT0.un8brEmJr0XCjCj4ZoDbK5UMmZykTcYm,1000000172,2004-02-02,0,nickname170,1,2026-01-01 12:49,0,
171,user171@naver.com,$2a$10$xc9fFZ1MS.KLxzswXTT0.un8brEmJr0XCjCj4ZoDbK5UMmZykTcYm,1000000173,1991-01-01,1,nickname171,1,2026-01-01 12:49,0,
172,user172@naver.com,$2a$10$xc9fFZ1MS.KLxzswXTT0.un8brEmJr0XCjCj4ZoDbK5UMmZykTcYm,1000000174,1987-05-05,0,nickname172,1,2026-01-01 12:49,0,
173,user173@naver.com,$2a$10$xc9fFZ1MS.KLxzswXTT0.un8brEmJr0XCjCj4ZoDbK5UMmZykTcYm,1000000175,2005-07-07,0,nickname173,1,2026-01-01 12:49,0,
174,user174@naver.com,$2a$10$xc9fFZ1MS.KLxzswXTT0.un8brEmJr0XCjCj4ZoDbK5UMmZykTcYm,1000000176,1976-10-10,0,nickname174,1,2026-01-01 12:49,1,2026-02-25 12:49
175,user175@naver.com,$2a$10$xc9fFZ1MS.KLxzswXTT0.un8brEmJr0XCjCj4ZoDbK5UMmZykTcYm,1000000177,1998-03-14,0,nickname175,1,2026-01-01 12:49,0,
176,user176@naver.com,$2a$10$xc9fFZ1MS.KLxzswXTT0.un8brEmJr0XCjCj4ZoDbK5UMmZykTcYm,1000000178,1984-09-09,0,nickname176,1,2026-01-01 12:49,0,
177,user177@naver.com,$2a$10$xc9fFZ1MS.KLxzswXTT0.un8brEmJr0XCjCj4ZoDbK5UMmZykTcYm,1000000179,2003-11-11,1,nickname177,1,2026-01-01 12:49,0,
178,user178@naver.com,$2a$10$xc9fFZ1MS.KLxzswXTT0.un8brEmJr0XCjCj4ZoDbK5UMmZykTcYm,1000000180,1972-04-04,1,nickname178,1,2026-01-01 12:49,0,
179,user179@naver.com,$2a$10$xc9fFZ1MS.KLxzswXTT0.un8brEmJr0XCjCj4ZoDbK5UMmZykTcYm,1000000181,1997-08-18,0,nickname179,1,2026-01-01 12:49,0,
180,user180@naver.com,$2a$10$xc9fFZ1MS.KLxzswXTT0.un8brEmJr0XCjCj4ZoDbK5UMmZykTcYm,1000000182,1989-12-25,1,nickname180,1,2026-01-01 12:49,0,
181,user181@naver.com,$2a$10$xc9fFZ1MS.KLxzswXTT0.un8brEmJr0XCjCj4ZoDbK5UMmZykTcYm,1000000183,2001-02-02,0,nickname181,1,2026-01-01 12:49,0,
182,user182@naver.com,$2a$10$xc9fFZ1MS.KLxzswXTT0.un8brEmJr0XCjCj4ZoDbK5UMmZykTcYm,1000000184,1982-06-06,0,nickname182,1,2026-01-01 12:49,0,
183,user183@naver.com,$2a$10$xc9fFZ1MS.KLxzswXTT0.un8brEmJr0XCjCj4ZoDbK5UMmZykTcYm,1000000185,1995-10-10,1,nickname183,1,2026-01-01 12:49,1,2026-03-15 12:49
184,user184@naver.com,$2a$10$xc9fFZ1MS.KLxzswXTT0.un8brEmJr0XCjCj4ZoDbK5UMmZykTcYm,1000000186,1977-03-03,1,nickname184,1,2026-01-01 12:49,0,
185,user185@naver.com,$2a$10$xc9fFZ1MS.KLxzswXTT0.un8brEmJr0XCjCj4ZoDbK5UMmZykTcYm,1000000187,1993-05-05,0,nickname185,1,2026-01-01 12:49,0,
186,user186@naver.com,$2a$10$xc9fFZ1MS.KLxzswXTT0.un8brEmJr0XCjCj4ZoDbK5UMmZykTcYm,1000000188,2000-07-07,1,nickname186,1,2026-01-01 12:49,0,
187,user187@naver.com,$2a$10$xc9fFZ1MS.KLxzswXTT0.un8brEmJr0XCjCj4ZoDbK5UMmZykTcYm,1000000189,1986-09-09,0,nickname187,1,2026-01-01 12:49,0,
188,user188@naver.com,$2a$10$xc9fFZ1MS.KLxzswXTT0.un8brEmJr0XCjCj4ZoDbK5UMmZykTcYm,1000000190,1974-11-11,0,nickname188,1,2026-01-01 12:49,0,
189,user189@naver.com,$2a$10$xc9fFZ1MS.KLxzswXTT0.un8brEmJr0XCjCj4ZoDbK5UMmZykTcYm,1000000191,1999-01-01,1,nickname189,1,2026-01-01 12:49,0,
190,user190@naver.com,$2a$10$xc9fFZ1MS.KLxzswXTT0.un8brEmJr0XCjCj4ZoDbK5UMmZykTcYm,1000000192,2002-03-03,0,nickname190,1,2026-01-01 12:49,0,
191,user191@naver.com,$2a$10$xc9fFZ1MS.KLxzswXTT0.un8brEmJr0XCjCj4ZoDbK5UMmZykTcYm,1000000193,1980-04-04,1,nickname191,1,2026-01-01 12:49,0,
192,user192@naver.com,$2a$10$xc9fFZ1MS.KLxzswXTT0.un8brEmJr0XCjCj4ZoDbK5UMmZykTcYm,1000000194,1971-05-05,1,nickname192,1,2026-01-01 12:49,0,
193,user193@naver.com,$2a$10$xc9fFZ1MS.KLxzswXTT0.un8brEmJr0XCjCj4ZoDbK5UMmZykTcYm,1000000195,1994-06-06,1,nickname193,1,2026-01-01 12:49,0,
194,user194@naver.com,$2a$10$xc9fFZ1MS.KLxzswXTT0.un8brEmJr0XCjCj4ZoDbK5UMmZykTcYm,1000000196,1988-07-07,0,nickname194,1,2026-01-01 12:49,0,
195,user195@naver.com,$2a$10$xc9fFZ1MS.KLxzswXTT0.un8brEmJr0XCjCj4ZoDbK5UMmZykTcYm,1000000197,2005-08-08,0,nickname195,1,2026-01-01 12:49,0,
196,user196@naver.com,$2a$10$xc9fFZ1MS.KLxzswXTT0.un8brEmJr0XCjCj4ZoDbK5UMmZykTcYm,1000000198,1996-09-09,0,nickname196,1,2026-01-01 12:49,0,
197,user197@naver.com,$2a$10$xc9fFZ1MS.KLxzswXTT0.un8brEmJr0XCjCj4ZoDbK5UMmZykTcYm,1000000199,1979-10-10,1,nickname197,1,2026-01-01 12:49,1,2026-03-01 12:49
198,user198@naver.com,$2a$10$xc9fFZ1MS.KLxzswXTT0.un8brEmJr0XCjCj4ZoDbK5UMmZykTcYm,1000000200,1983-11-11,0,nickname198,1,2026-01-01 12:49,0,
199,user199@naver.com,$2a$10$xc9fFZ1MS.KLxzswXTT0.un8brEmJr0XCjCj4ZoDbK5UMmZykTcYm,1000000201,2001-12-12,1,nickname199,1,2026-01-01 12:49,0,
200,user200@naver.com,$2a$10$xc9fFZ1MS.KLxzswXTT0.un8brEmJr0XCjCj4ZoDbK5UMmZykTcYm,1000000202,1990-01-01,0,nickname200,1,2026-01-01 12:49,0,
201,user201@naver.com,$2a$10$xc9fFZ1MS.KLxzswXTT0.un8brEmJr0XCjCj4ZoDbK5UMmZykTcYm,1000000203,1985-02-11,1,nickname201,1,2026-01-01 12:49,0,
202,user202@naver.com,$2a$10$xc9fFZ1MS.KLxzswXTT0.un8brEmJr0XCjCj4ZoDbK5UMmZykTcYm,1000000204,1993-07-22,0,nickname202,1,2026-01-01 12:49,0,
203,user203@naver.com,$2a$10$xc9fFZ1MS.KLxzswXTT0.un8brEmJr0XCjCj4ZoDbK5UMmZykTcYm,1000000205,2001-10-01,1,nickname203,1,2026-01-01 12:49,0,
204,user204@naver.com,$2a$10$xc9fFZ1MS.KLxzswXTT0.un8brEmJr0XCjCj4ZoDbK5UMmZykTcYm,1000000206,1978-05-19,0,nickname204,1,2026-01-01 12:49,0,
205,user205@naver.com,$2a$10$xc9fFZ1MS.KLxzswXTT0.un8brEmJr0XCjCj4ZoDbK5UMmZykTcYm,1000000207,1999-12-25,0,nickname205,1,2026-01-01 12:49,1,2026-03-20 12:49
206,user206@naver.com,$2a$10$xc9fFZ1MS.KLxzswXTT0.un8brEmJr0XCjCj4ZoDbK5UMmZykTcYm,1000000208,1983-01-09,0,nickname206,1,2026-01-01 12:49,0,
207,user207@naver.com,$2a$10$xc9fFZ1MS.KLxzswXTT0.un8brEmJr0XCjCj4ZoDbK5UMmZykTcYm,1000000209,2005-03-17,1,nickname207,1,2026-01-01 12:49,0,
208,user208@naver.com,$2a$10$xc9fFZ1MS.KLxzswXTT0.un8brEmJr0XCjCj4ZoDbK5UMmZykTcYm,1000000210,1990-09-09,0,nickname208,1,2026-01-01 12:49,0,
209,user209@naver.com,$2a$10$xc9fFZ1MS.KLxzswXTT0.un8brEmJr0XCjCj4ZoDbK5UMmZykTcYm,1000000211,1976-04-21,0,nickname209,1,2026-01-01 12:49,0,
210,user210@naver.com,$2a$10$xc9fFZ1MS.KLxzswXTT0.un8brEmJr0XCjCj4ZoDbK5UMmZykTcYm,1000000212,2003-08-30,0,nickname210,1,2026-01-01 12:49,0,
211,user211@naver.com,$2a$10$xc9fFZ1MS.KLxzswXTT0.un8brEmJr0XCjCj4ZoDbK5UMmZykTcYm,1000000213,1988-11-11,0,nickname211,1,2026-01-01 12:49,0,
212,user212@naver.com,$2a$10$xc9fFZ1MS.KLxzswXTT0.un8brEmJr0XCjCj4ZoDbK5UMmZykTcYm,1000000214,1996-02-02,1,nickname212,1,2026-02-01 12:49,1,2026-03-18 12:49
213,user213@naver.com,$2a$10$xc9fFZ1MS.KLxzswXTT0.un8brEmJr0XCjCj4ZoDbK5UMmZykTcYm,1000000215,2002-06-06,0,nickname213,1,2026-02-01 12:49,0,
214,user214@naver.com,$2a$10$xc9fFZ1MS.KLxzswXTT0.un8brEmJr0XCjCj4ZoDbK5UMmZykTcYm,1000000216,1974-07-07,0,nickname214,1,2026-02-01 12:49,0,
215,user215@naver.com,$2a$10$xc9fFZ1MS.KLxzswXTT0.un8brEmJr0XCjCj4ZoDbK5UMmZykTcYm,1000000217,1981-10-10,0,nickname215,1,2026-02-01 12:49,0,
216,user216@naver.com,$2a$10$xc9fFZ1MS.KLxzswXTT0.un8brEmJr0XCjCj4ZoDbK5UMmZykTcYm,1000000218,1994-03-03,0,nickname216,1,2026-02-01 12:49,0,
217,user217@naver.com,$2a$10$xc9fFZ1MS.KLxzswXTT0.un8brEmJr0XCjCj4ZoDbK5UMmZykTcYm,1000000219,2000-05-05,1,nickname217,1,2026-02-01 12:49,0,
218,user218@naver.com,$2a$10$xc9fFZ1MS.KLxzswXTT0.un8brEmJr0XCjCj4ZoDbK5UMmZykTcYm,1000000220,1986-09-09,0,nickname218,1,2026-02-01 12:49,0,
219,user219@naver.com,$2a$10$xc9fFZ1MS.KLxzswXTT0.un8brEmJr0XCjCj4ZoDbK5UMmZykTcYm,1000000221,1979-12-12,1,nickname219,1,2026-02-01 12:49,0,
220,user220@naver.com,$2a$10$xc9fFZ1MS.KLxzswXTT0.un8brEmJr0XCjCj4ZoDbK5UMmZykTcYm,1000000222,2004-01-01,0,nickname220,1,2026-02-01 12:49,0,
221,user221@naver.com,$2a$10$xc9fFZ1MS.KLxzswXTT0.un8brEmJr0XCjCj4ZoDbK5UMmZykTcYm,1000000223,1991-02-14,0,nickname221,1,2026-02-01 12:49,0,
222,user222@naver.com,$2a$10$xc9fFZ1MS.KLxzswXTT0.un8brEmJr0XCjCj4ZoDbK5UMmZykTcYm,1000000224,1987-03-21,0,nickname222,1,2026-02-01 12:49,0,
223,user223@naver.com,$2a$10$xc9fFZ1MS.KLxzswXTT0.un8brEmJr0XCjCj4ZoDbK5UMmZykTcYm,1000000225,2005-04-04,1,nickname223,1,2026-02-01 12:49,0,
224,user224@naver.com,$2a$10$xc9fFZ1MS.KLxzswXTT0.un8brEmJr0XCjCj4ZoDbK5UMmZykTcYm,1000000226,1976-05-05,0,nickname224,1,2026-02-01 12:49,0,
225,user225@naver.com,$2a$10$xc9fFZ1MS.KLxzswXTT0.un8brEmJr0XCjCj4ZoDbK5UMmZykTcYm,1000000227,1998-06-06,1,nickname225,1,2026-02-01 12:49,0,
226,user226@naver.com,$2a$10$xc9fFZ1MS.KLxzswXTT0.un8brEmJr0XCjCj4ZoDbK5UMmZykTcYm,1000000228,1984-07-07,0,nickname226,1,2026-02-01 12:49,0,
227,user227@naver.com,$2a$10$xc9fFZ1MS.KLxzswXTT0.un8brEmJr0XCjCj4ZoDbK5UMmZykTcYm,1000000229,2003-08-08,0,nickname227,1,2026-02-01 12:49,0,
228,user228@naver.com,$2a$10$xc9fFZ1MS.KLxzswXTT0.un8brEmJr0XCjCj4ZoDbK5UMmZykTcYm,1000000230,1972-09-09,1,nickname228,1,2026-02-01 12:49,0,
229,user229@naver.com,$2a$10$xc9fFZ1MS.KLxzswXTT0.un8brEmJr0XCjCj4ZoDbK5UMmZykTcYm,1000000231,1997-10-10,1,nickname229,1,2026-02-01 12:49,0,
230,user230@naver.com,$2a$10$xc9fFZ1MS.KLxzswXTT0.un8brEmJr0XCjCj4ZoDbK5UMmZykTcYm,1000000232,1989-11-11,0,nickname230,1,2026-02-01 12:49,0,
231,user231@naver.com,$2a$10$xc9fFZ1MS.KLxzswXTT0.un8brEmJr0XCjCj4ZoDbK5UMmZykTcYm,1000000233,2001-12-12,1,nickname231,1,2026-02-01 12:49,0,
232,user232@naver.com,$2a$10$xc9fFZ1MS.KLxzswXTT0.un8brEmJr0XCjCj4ZoDbK5UMmZykTcYm,1000000234,1982-01-01,0,nickname232,1,2026-02-01 12:49,0,
233,user233@naver.com,$2a$10$xc9fFZ1MS.KLxzswXTT0.un8brEmJr0XCjCj4ZoDbK5UMmZykTcYm,1000000235,1995-02-02,1,nickname233,1,2026-02-01 12:49,0,
234,user234@naver.com,$2a$10$xc9fFZ1MS.KLxzswXTT0.un8brEmJr0XCjCj4ZoDbK5UMmZykTcYm,1000000236,1977-03-03,1,nickname234,1,2026-02-01 12:49,0,
235,user235@naver.com,$2a$10$xc9fFZ1MS.KLxzswXTT0.un8brEmJr0XCjCj4ZoDbK5UMmZykTcYm,1000000237,1993-04-04,0,nickname235,1,2026-02-01 12:49,0,
236,user236@naver.com,$2a$10$xc9fFZ1MS.KLxzswXTT0.un8brEmJr0XCjCj4ZoDbK5UMmZykTcYm,1000000238,2000-05-05,0,nickname236,1,2026-02-01 12:49,0,
237,user237@naver.com,$2a$10$xc9fFZ1MS.KLxzswXTT0.un8brEmJr0XCjCj4ZoDbK5UMmZykTcYm,1000000239,1986-06-06,1,nickname237,1,2026-02-01 12:49,0,
238,user238@naver.com,$2a$10$xc9fFZ1MS.KLxzswXTT0.un8brEmJr0XCjCj4ZoDbK5UMmZykTcYm,1000000240,1974-07-07,0,nickname238,1,2026-02-01 12:49,0,
239,user239@naver.com,$2a$10$xc9fFZ1MS.KLxzswXTT0.un8brEmJr0XCjCj4ZoDbK5UMmZykTcYm,1000000241,1999-08-08,1,nickname239,1,2026-02-01 12:49,0,
240,user240@naver.com,$2a$10$xc9fFZ1MS.KLxzswXTT0.un8brEmJr0XCjCj4ZoDbK5UMmZykTcYm,1000000242,2002-09-09,0,nickname240,1,2026-02-01 12:49,0,
241,user241@naver.com,$2a$10$xc9fFZ1MS.KLxzswXTT0.un8brEmJr0XCjCj4ZoDbK5UMmZykTcYm,1000000243,1980-10-10,1,nickname241,1,2026-02-01 12:49,0,
242,user242@naver.com,$2a$10$xc9fFZ1MS.KLxzswXTT0.un8brEmJr0XCjCj4ZoDbK5UMmZykTcYm,1000000244,1971-11-11,1,nickname242,1,2026-02-01 12:49,0,
243,user243@naver.com,$2a$10$xc9fFZ1MS.KLxzswXTT0.un8brEmJr0XCjCj4ZoDbK5UMmZykTcYm,1000000245,1994-12-12,0,nickname243,1,2026-02-01 12:49,0,
244,user244@naver.com,$2a$10$xc9fFZ1MS.KLxzswXTT0.un8brEmJr0XCjCj4ZoDbK5UMmZykTcYm,1000000246,1988-01-01,0,nickname244,1,2026-02-01 12:49,0,
245,user245@naver.com,$2a$10$xc9fFZ1MS.KLxzswXTT0.un8brEmJr0XCjCj4ZoDbK5UMmZykTcYm,1000000247,2005-02-02,1,nickname245,1,2026-02-01 12:49,0,
246,user246@naver.com,$2a$10$xc9fFZ1MS.KLxzswXTT0.un8brEmJr0XCjCj4ZoDbK5UMmZykTcYm,1000000248,1996-03-03,0,nickname246,1,2026-02-01 12:49,0,
247,user247@naver.com,$2a$10$xc9fFZ1MS.KLxzswXTT0.un8brEmJr0XCjCj4ZoDbK5UMmZykTcYm,1000000249,1979-04-04,1,nickname247,1,2026-02-01 12:49,0,
248,user248@naver.com,$2a$10$xc9fFZ1MS.KLxzswXTT0.un8brEmJr0XCjCj4ZoDbK5UMmZykTcYm,1000000250,1983-05-05,0,nickname248,1,2026-02-01 12:49,0,
249,user249@naver.com,$2a$10$xc9fFZ1MS.KLxzswXTT0.un8brEmJr0XCjCj4ZoDbK5UMmZykTcYm,1000000251,2001-06-06,0,nickname249,1,2026-02-01 12:49,0,
250,user250@naver.com,$2a$10$xc9fFZ1MS.KLxzswXTT0.un8brEmJr0XCjCj4ZoDbK5UMmZykTcYm,1000000252,1990-07-07,0,nickname250,1,2026-02-01 12:49,0,
251,user251@naver.com,$2a$10$xc9fFZ1MS.KLxzswXTT0.un8brEmJr0XCjCj4ZoDbK5UMmZykTcYm,1000000253,1984-01-11,0,nickname251,1,2026-02-01 12:49,0,
252,user252@naver.com,$2a$10$xc9fFZ1MS.KLxzswXTT0.un8brEmJr0XCjCj4ZoDbK5UMmZykTcYm,1000000254,1993-02-22,0,nickname252,1,2026-02-01 12:49,0,
253,user253@naver.com,$2a$10$xc9fFZ1MS.KLxzswXTT0.un8brEmJr0XCjCj4ZoDbK5UMmZykTcYm,1000000255,2001-03-03,0,nickname253,1,2026-02-01 12:49,0,
254,user254@naver.com,$2a$10$xc9fFZ1MS.KLxzswXTT0.un8brEmJr0XCjCj4ZoDbK5UMmZykTcYm,1000000256,1978-04-14,1,nickname254,1,2026-02-01 12:49,0,
255,user255@naver.com,$2a$10$xc9fFZ1MS.KLxzswXTT0.un8brEmJr0XCjCj4ZoDbK5UMmZykTcYm,1000000257,1999-05-25,1,nickname255,1,2026-02-01 12:49,0,
256,user256@naver.com,$2a$10$xc9fFZ1MS.KLxzswXTT0.un8brEmJr0XCjCj4ZoDbK5UMmZykTcYm,1000000258,1986-06-06,0,nickname256,1,2026-02-01 12:49,0,
257,user257@naver.com,$2a$10$xc9fFZ1MS.KLxzswXTT0.un8brEmJr0XCjCj4ZoDbK5UMmZykTcYm,1000000259,2003-07-17,1,nickname257,1,2026-02-01 12:49,0,
258,user258@naver.com,$2a$10$xc9fFZ1MS.KLxzswXTT0.un8brEmJr0XCjCj4ZoDbK5UMmZykTcYm,1000000260,1990-08-08,1,nickname258,1,2026-02-01 12:49,0,
259,user259@naver.com,$2a$10$xc9fFZ1MS.KLxzswXTT0.un8brEmJr0XCjCj4ZoDbK5UMmZykTcYm,1000000261,1975-09-19,1,nickname259,1,2026-02-01 12:49,0,
260,user260@naver.com,$2a$10$xc9fFZ1MS.KLxzswXTT0.un8brEmJr0XCjCj4ZoDbK5UMmZykTcYm,1000000262,2005-10-30,0,nickname260,1,2026-02-01 12:49,0,
261,user261@naver.com,$2a$10$xc9fFZ1MS.KLxzswXTT0.un8brEmJr0XCjCj4ZoDbK5UMmZykTcYm,1000000263,1988-11-11,1,nickname261,1,2026-02-01 12:49,0,
262,user262@naver.com,$2a$10$xc9fFZ1MS.KLxzswXTT0.un8brEmJr0XCjCj4ZoDbK5UMmZykTcYm,1000000264,1996-12-12,0,nickname262,1,2026-02-01 12:49,0,
263,user263@naver.com,$2a$10$xc9fFZ1MS.KLxzswXTT0.un8brEmJr0XCjCj4ZoDbK5UMmZykTcYm,1000000265,2002-01-01,1,nickname263,1,2026-02-01 12:49,0,
264,user264@naver.com,$2a$10$xc9fFZ1MS.KLxzswXTT0.un8brEmJr0XCjCj4ZoDbK5UMmZykTcYm,1000000266,1973-02-02,0,nickname264,1,2026-02-01 12:49,0,
265,user265@naver.com,$2a$10$xc9fFZ1MS.KLxzswXTT0.un8brEmJr0XCjCj4ZoDbK5UMmZykTcYm,1000000267,1981-03-03,1,nickname265,1,2026-02-01 12:49,0,
266,user266@naver.com,$2a$10$xc9fFZ1MS.KLxzswXTT0.un8brEmJr0XCjCj4ZoDbK5UMmZykTcYm,1000000268,1994-04-04,0,nickname266,1,2026-02-01 12:49,0,
267,user267@naver.com,$2a$10$xc9fFZ1MS.KLxzswXTT0.un8brEmJr0XCjCj4ZoDbK5UMmZykTcYm,1000000269,2000-05-05,1,nickname267,1,2026-02-01 12:49,0,
268,user268@naver.com,$2a$10$xc9fFZ1MS.KLxzswXTT0.un8brEmJr0XCjCj4ZoDbK5UMmZykTcYm,1000000270,1986-06-06,1,nickname268,1,2026-02-01 12:49,0,
269,user269@naver.com,$2a$10$xc9fFZ1MS.KLxzswXTT0.un8brEmJr0XCjCj4ZoDbK5UMmZykTcYm,1000000271,1979-07-07,0,nickname269,1,2026-02-01 12:49,0,
270,user270@naver.com,$2a$10$xc9fFZ1MS.KLxzswXTT0.un8brEmJr0XCjCj4ZoDbK5UMmZykTcYm,1000000272,2004-08-08,0,nickname270,1,2026-02-01 12:49,0,
271,user271@naver.com,$2a$10$xc9fFZ1MS.KLxzswXTT0.un8brEmJr0XCjCj4ZoDbK5UMmZykTcYm,1000000273,1991-09-09,0,nickname271,1,2026-02-01 12:49,0,
272,user272@naver.com,$2a$10$xc9fFZ1MS.KLxzswXTT0.un8brEmJr0XCjCj4ZoDbK5UMmZykTcYm,1000000274,1987-10-10,0,nickname272,1,2026-02-01 12:49,0,
273,user273@naver.com,$2a$10$xc9fFZ1MS.KLxzswXTT0.un8brEmJr0XCjCj4ZoDbK5UMmZykTcYm,1000000275,2005-11-11,0,nickname273,1,2026-02-01 12:49,0,
274,user274@naver.com,$2a$10$xc9fFZ1MS.KLxzswXTT0.un8brEmJr0XCjCj4ZoDbK5UMmZykTcYm,1000000276,1976-12-12,0,nickname274,1,2026-02-01 12:49,0,
275,user275@naver.com,$2a$10$xc9fFZ1MS.KLxzswXTT0.un8brEmJr0XCjCj4ZoDbK5UMmZykTcYm,1000000277,1998-01-01,1,nickname275,1,2026-02-01 12:49,0,
276,user276@naver.com,$2a$10$xc9fFZ1MS.KLxzswXTT0.un8brEmJr0XCjCj4ZoDbK5UMmZykTcYm,1000000278,1984-02-02,0,nickname276,1,2026-03-01 12:49,0,
277,user277@naver.com,$2a$10$xc9fFZ1MS.KLxzswXTT0.un8brEmJr0XCjCj4ZoDbK5UMmZykTcYm,1000000279,2003-03-03,1,nickname277,1,2026-03-01 12:49,0,
278,user278@naver.com,$2a$10$xc9fFZ1MS.KLxzswXTT0.un8brEmJr0XCjCj4ZoDbK5UMmZykTcYm,1000000280,1972-04-04,0,nickname278,1,2026-03-01 12:49,1,2026-03-10 12:49
279,user279@naver.com,$2a$10$xc9fFZ1MS.KLxzswXTT0.un8brEmJr0XCjCj4ZoDbK5UMmZykTcYm,1000000281,1997-05-05,1,nickname279,1,2026-03-01 12:49,0,
280,user280@naver.com,$2a$10$xc9fFZ1MS.KLxzswXTT0.un8brEmJr0XCjCj4ZoDbK5UMmZykTcYm,1000000282,1989-06-06,0,nickname280,1,2026-03-01 12:49,0,
281,user281@naver.com,$2a$10$xc9fFZ1MS.KLxzswXTT0.un8brEmJr0XCjCj4ZoDbK5UMmZykTcYm,1000000283,2001-07-07,0,nickname281,1,2026-03-01 12:49,0,
282,user282@naver.com,$2a$10$xc9fFZ1MS.KLxzswXTT0.un8brEmJr0XCjCj4ZoDbK5UMmZykTcYm,1000000284,1982-08-08,0,nickname282,1,2026-03-01 12:49,0,
283,user283@naver.com,$2a$10$xc9fFZ1MS.KLxzswXTT0.un8brEmJr0XCjCj4ZoDbK5UMmZykTcYm,1000000285,1995-09-09,1,nickname283,1,2026-03-01 12:49,0,
284,user284@naver.com,$2a$10$xc9fFZ1MS.KLxzswXTT0.un8brEmJr0XCjCj4ZoDbK5UMmZykTcYm,1000000286,1977-10-10,0,nickname284,1,2026-03-01 12:49,1,2026-03-11 12:49
285,user285@naver.com,$2a$10$xc9fFZ1MS.KLxzswXTT0.un8brEmJr0XCjCj4ZoDbK5UMmZykTcYm,1000000287,1993-11-11,1,nickname285,1,2026-03-01 12:49,0,
286,user286@naver.com,$2a$10$xc9fFZ1MS.KLxzswXTT0.un8brEmJr0XCjCj4ZoDbK5UMmZykTcYm,1000000288,2000-12-12,0,nickname286,1,2026-03-01 12:49,0,
287,user287@naver.com,$2a$10$xc9fFZ1MS.KLxzswXTT0.un8brEmJr0XCjCj4ZoDbK5UMmZykTcYm,1000000289,1986-01-01,1,nickname287,1,2026-03-01 12:49,0,
288,user288@naver.com,$2a$10$xc9fFZ1MS.KLxzswXTT0.un8brEmJr0XCjCj4ZoDbK5UMmZykTcYm,1000000290,1974-02-02,0,nickname288,1,2026-03-01 12:49,0,
289,user289@naver.com,$2a$10$xc9fFZ1MS.KLxzswXTT0.un8brEmJr0XCjCj4ZoDbK5UMmZykTcYm,1000000291,1999-03-03,0,nickname289,1,2026-03-01 12:49,0,
290,user290@naver.com,$2a$10$xc9fFZ1MS.KLxzswXTT0.un8brEmJr0XCjCj4ZoDbK5UMmZykTcYm,1000000292,2002-04-04,0,nickname290,1,2026-03-01 12:49,0,
291,user291@naver.com,$2a$10$xc9fFZ1MS.KLxzswXTT0.un8brEmJr0XCjCj4ZoDbK5UMmZykTcYm,1000000293,1980-05-05,1,nickname291,1,2026-03-01 12:49,1,2026-03-20 12:49
292,user292@naver.com,$2a$10$xc9fFZ1MS.KLxzswXTT0.un8brEmJr0XCjCj4ZoDbK5UMmZykTcYm,1000000294,1971-06-06,0,nickname292,1,2026-03-01 12:49,0,
293,user293@naver.com,$2a$10$xc9fFZ1MS.KLxzswXTT0.un8brEmJr0XCjCj4ZoDbK5UMmZykTcYm,1000000295,1994-07-07,1,nickname293,1,2026-03-01 12:49,0,
294,user294@naver.com,$2a$10$xc9fFZ1MS.KLxzswXTT0.un8brEmJr0XCjCj4ZoDbK5UMmZykTcYm,1000000296,1988-08-08,0,nickname294,1,2026-03-01 12:49,0,
295,user295@naver.com,$2a$10$xc9fFZ1MS.KLxzswXTT0.un8brEmJr0XCjCj4ZoDbK5UMmZykTcYm,1000000297,2005-09-09,1,nickname295,1,2026-03-01 12:49,0,
296,user296@naver.com,$2a$10$xc9fFZ1MS.KLxzswXTT0.un8brEmJr0XCjCj4ZoDbK5UMmZykTcYm,1000000298,1996-10-10,0,nickname296,1,2026-03-01 12:49,0,
297,user297@naver.com,$2a$10$xc9fFZ1MS.KLxzswXTT0.un8brEmJr0XCjCj4ZoDbK5UMmZykTcYm,1000000299,1979-11-11,1,nickname297,1,2026-03-01 12:49,0,
298,user298@naver.com,$2a$10$xc9fFZ1MS.KLxzswXTT0.un8brEmJr0XCjCj4ZoDbK5UMmZykTcYm,1000000300,1983-12-12,0,nickname298,1,2026-03-01 12:49,0,
299,user299@naver.com,$2a$10$xc9fFZ1MS.KLxzswXTT0.un8brEmJr0XCjCj4ZoDbK5UMmZykTcYm,1000000301,2001-01-01,1,nickname299,1,2026-03-01 12:49,1,2026-03-18 12:49
300,user300@naver.com,$2a$10$xc9fFZ1MS.KLxzswXTT0.un8brEmJr0XCjCj4ZoDbK5UMmZykTcYm,1000000302,1990-02-02,0,nickname300,1,2026-03-01 12:49,0,
301,admin@resort.com,$2a$10$xc9fFZ1MS.KLxzswXTT0.un8brEmJr0XCjCj4ZoDbK5UMmZykTcYm,1012341234,1970-03-11,1,admin,1,2026-03-17 12:49,0,
